gaia_dr3_id,gaia_ra,gaia_dec,layer,pixel_scale_arcsec,width_pixels,height_pixels,url,content_type,byte_count,file_path,sha256
3907614331696710656,188.236130375728,11.851290731174,ls-dr10,0.262,128,128,https://www.legacysurvey.org/viewer/jpeg-cutout?ra=188.236130375728&dec=11.851290731174&pixscale=0.262&width=128&height=128&layer=ls-dr10,image/jpeg,6093,data/literature/validation/gaia_image_cutouts/3907614331696710656_ls-dr10.jpg,14e602620206aaeb402dda0fa06556db604ee3eba562c2bcd7d9456be7380fff
3907614331696710656,188.236130375728,11.851290731174,ls-dr10-model,0.262,128,128,https://www.legacysurvey.org/viewer/jpeg-cutout?ra=188.236130375728&dec=11.851290731174&pixscale=0.262&width=128&height=128&layer=ls-dr10-model,image/jpeg,1815,data/literature/validation/gaia_image_cutouts/3907614331696710656_ls-dr10-model.jpg,9d07ca4f3a3675c96d5ca7596b80a3ede2facf716b3144d72f06d2fa375fd8ba
3907614331696710656,188.236130375728,11.851290731174,ls-dr10-resid,0.262,128,128,https://www.legacysurvey.org/viewer/jpeg-cutout?ra=188.236130375728&dec=11.851290731174&pixscale=0.262&width=128&height=128&layer=ls-dr10-resid,image/jpeg,5911,data/literature/validation/gaia_image_cutouts/3907614331696710656_ls-dr10-resid.jpg,69cc807bbd3c5450a78888aa30f3e270e741b7c0e758a23dd6c75d3a3e424d20
3907655773836976896,187.583490953826,11.921880550631,ls-dr10,0.262,128,128,https://www.legacysurvey.org/viewer/jpeg-cutout?ra=187.583490953826&dec=11.921880550631&pixscale=0.262&width=128&height=128&layer=ls-dr10,image/jpeg,6417,data/literature/validation/gaia_image_cutouts/3907655773836976896_ls-dr10.jpg,f307b9c9878ef14e6b6342fa873219756a40b9121d9cc5ec97f7b77d69a175ab
3907655773836976896,187.583490953826,11.921880550631,ls-dr10-model,0.262,128,128,https://www.legacysurvey.org/viewer/jpeg-cutout?ra=187.583490953826&dec=11.921880550631&pixscale=0.262&width=128&height=128&layer=ls-dr10-model,image/jpeg,1976,data/literature/validation/gaia_image_cutouts/3907655773836976896_ls-dr10-model.jpg,184f5c7098f2c5c06385814a9eeeb08ceee4d37156c67fb98167051efc78c222
3907655773836976896,187.583490953826,11.921880550631,ls-dr10-resid,0.262,128,128,https://www.legacysurvey.org/viewer/jpeg-cutout?ra=187.583490953826&dec=11.921880550631&pixscale=0.262&width=128&height=128&layer=ls-dr10-resid,image/jpeg,6352,data/literature/validation/gaia_image_cutouts/3907655773836976896_ls-dr10-resid.jpg,33fe454fb40ee772f511e5e6b58e298e50fea37d53047e0bf38b177fd07c39c0
3907685799952667776,187.833365221477,12.199485398358,ls-dr10,0.262,128,128,https://www.legacysurvey.org/viewer/jpeg-cutout?ra=187.833365221477&dec=12.199485398358&pixscale=0.262&width=128&height=128&layer=ls-dr10,image/jpeg,7632,data/literature/validation/gaia_image_cutouts/3907685799952667776_ls-dr10.jpg,3ecf61b13c07e118a366a7720f6fb1934cd9183894a61565a897bced8062323d
3907685799952667776,187.833365221477,12.199485398358,ls-dr10-model,0.262,128,128,https://www.legacysurvey.org/viewer/jpeg-cutout?ra=187.833365221477&dec=12.199485398358&pixscale=0.262&width=128&height=128&layer=ls-dr10-model,image/jpeg,1954,data/literature/validation/gaia_image_cutouts/3907685799952667776_ls-dr10-model.jpg,4c539c41ecc0fec8ea0a0f4dd3decf3798ce4e425451f30afd6941c30de55f87
3907685799952667776,187.833365221477,12.199485398358,ls-dr10-resid,0.262,128,128,https://www.legacysurvey.org/viewer/jpeg-cutout?ra=187.833365221477&dec=12.199485398358&pixscale=0.262&width=128&height=128&layer=ls-dr10-resid,image/jpeg,7479,data/literature/validation/gaia_image_cutouts/3907685799952667776_ls-dr10-resid.jpg,7926161ea01170a0170530172bca2e0d0cd5fa592808ce2f9d8ee397e30f1efb
3907692671900370432,187.906011986219,12.294647672249,ls-dr10,0.262,128,128,https://www.legacysurvey.org/viewer/jpeg-cutout?ra=187.906011986219&dec=12.294647672249&pixscale=0.262&width=128&height=128&layer=ls-dr10,image/jpeg,6796,data/literature/validation/gaia_image_cutouts/3907692671900370432_ls-dr10.jpg,20ee29b62abb547417bc168e5cc7b6b0f3446189dd4efc5d209e01c0cfd1809d
3907692671900370432,187.906011986219,12.294647672249,ls-dr10-model,0.262,128,128,https://www.legacysurvey.org/viewer/jpeg-cutout?ra=187.906011986219&dec=12.294647672249&pixscale=0.262&width=128&height=128&layer=ls-dr10-model,image/jpeg,1672,data/literature/validation/gaia_image_cutouts/3907692671900370432_ls-dr10-model.jpg,8e04aa1f91dd46350ae12889c80f75eb6d8ec9a301fb20cb82ebec1556efebb6
3907692671900370432,187.906011986219,12.294647672249,ls-dr10-resid,0.262,128,128,https://www.legacysurvey.org/viewer/jpeg-cutout?ra=187.906011986219&dec=12.294647672249&pixscale=0.262&width=128&height=128&layer=ls-dr10-resid,image/jpeg,6706,data/literature/validation/gaia_image_cutouts/3907692671900370432_ls-dr10-resid.jpg,3f1c1fa4a8a0ea10dadfb25ab5cc73b6ab50a692c47e3a0fddc303dda098ffed
3907703258995508864,187.610655232813,12.345713378365,ls-dr10,0.262,128,128,https://www.legacysurvey.org/viewer/jpeg-cutout?ra=187.610655232813&dec=12.345713378365&pixscale=0.262&width=128&height=128&layer=ls-dr10,image/jpeg,7544,data/literature/validation/gaia_image_cutouts/3907703258995508864_ls-dr10.jpg,5aeac44ca56d831406d623435e82012da7cdad29ab348f27bf8aae1e246a651e
3907703258995508864,187.610655232813,12.345713378365,ls-dr10-model,0.262,128,128,https://www.legacysurvey.org/viewer/jpeg-cutout?ra=187.610655232813&dec=12.345713378365&pixscale=0.262&width=128&height=128&layer=ls-dr10-model,image/jpeg,2006,data/literature/validation/gaia_image_cutouts/3907703258995508864_ls-dr10-model.jpg,2a1b8229fe2af3d3a4f8572b515e74893b66ca6bb29479f768787fee327b865e
3907703258995508864,187.610655232813,12.345713378365,ls-dr10-resid,0.262,128,128,https://www.legacysurvey.org/viewer/jpeg-cutout?ra=187.610655232813&dec=12.345713378365&pixscale=0.262&width=128&height=128&layer=ls-dr10-resid,image/jpeg,7366,data/literature/validation/gaia_image_cutouts/3907703258995508864_ls-dr10-resid.jpg,58f59468535060a87152f4949d36edd07077fab82e84983c9c43b6bc548cea8b
3907706690673680384,187.612052909123,12.391959162858,ls-dr10,0.262,128,128,https://www.legacysurvey.org/viewer/jpeg-cutout?ra=187.612052909123&dec=12.391959162858&pixscale=0.262&width=128&height=128&layer=ls-dr10,image/jpeg,6270,data/literature/validation/gaia_image_cutouts/3907706690673680384_ls-dr10.jpg,aa9d698e7e9ccd54a3ec9b182e33a315d5f550fcb29952bc48238a02158a44c6
3907706690673680384,187.612052909123,12.391959162858,ls-dr10-model,0.262,128,128,https://www.legacysurvey.org/viewer/jpeg-cutout?ra=187.612052909123&dec=12.391959162858&pixscale=0.262&width=128&height=128&layer=ls-dr10-model,image/jpeg,1946,data/literature/validation/gaia_image_cutouts/3907706690673680384_ls-dr10-model.jpg,53704da2b327bcd2f5ec9a4406cf38dd225d029f52cdde060277a2ed4d454f48
3907706690673680384,187.612052909123,12.391959162858,ls-dr10-resid,0.262,128,128,https://www.legacysurvey.org/viewer/jpeg-cutout?ra=187.612052909123&dec=12.391959162858&pixscale=0.262&width=128&height=128&layer=ls-dr10-resid,image/jpeg,6244,data/literature/validation/gaia_image_cutouts/3907706690673680384_ls-dr10-resid.jpg,e857b9af1b20068af4cd45723f8b30bc4f3d2120050d897983c8d44ffaaa8bdf
3907709615547414400,187.698740034868,12.408471310372,ls-dr10,0.262,128,128,https://www.legacysurvey.org/viewer/jpeg-cutout?ra=187.698740034868&dec=12.408471310372&pixscale=0.262&width=128&height=128&layer=ls-dr10,image/jpeg,1551,data/literature/validation/gaia_image_cutouts/3907709615547414400_ls-dr10.jpg,da0925624204df68f014c351ac8277bcd574dea16328e10e2b4fcd6c53c02f1d
3907709615547414400,187.698740034868,12.408471310372,ls-dr10-model,0.262,128,128,https://www.legacysurvey.org/viewer/jpeg-cutout?ra=187.698740034868&dec=12.408471310372&pixscale=0.262&width=128&height=128&layer=ls-dr10-model,image/jpeg,1409,data/literature/validation/gaia_image_cutouts/3907709615547414400_ls-dr10-model.jpg,36b0259a41ad44953c6aa00dc51d2e6d564b7529c98bcec86fd92c3bb782373f
3907709615547414400,187.698740034868,12.408471310372,ls-dr10-resid,0.262,128,128,https://www.legacysurvey.org/viewer/jpeg-cutout?ra=187.698740034868&dec=12.408471310372&pixscale=0.262&width=128&height=128&layer=ls-dr10-resid,image/jpeg,5675,data/literature/validation/gaia_image_cutouts/3907709615547414400_ls-dr10-resid.jpg,b1feab21edbe73ef644b17732e392be72e3d1d3ae0371076d2d52e243627fbd6
3907709993504135680,187.739093238476,12.429031086286,ls-dr10,0.262,128,128,https://www.legacysurvey.org/viewer/jpeg-cutout?ra=187.739093238476&dec=12.429031086286&pixscale=0.262&width=128&height=128&layer=ls-dr10,image/jpeg,4232,data/literature/validation/gaia_image_cutouts/3907709993504135680_ls-dr10.jpg,28e569d563725bec499f300547f108ce1badfe68718dfbf2633a45caad773beb
3907709993504135680,187.739093238476,12.429031086286,ls-dr10-model,0.262,128,128,https://www.legacysurvey.org/viewer/jpeg-cutout?ra=187.739093238476&dec=12.429031086286&pixscale=0.262&width=128&height=128&layer=ls-dr10-model,image/jpeg,1751,data/literature/validation/gaia_image_cutouts/3907709993504135680_ls-dr10-model.jpg,d38ff00c82c05ad591b4a065d647b30f017b34fc58af1b2927acd0ee4d5f7590
3907709993504135680,187.739093238476,12.429031086286,ls-dr10-resid,0.262,128,128,https://www.legacysurvey.org/viewer/jpeg-cutout?ra=187.739093238476&dec=12.429031086286&pixscale=0.262&width=128&height=128&layer=ls-dr10-resid,image/jpeg,7028,data/literature/validation/gaia_image_cutouts/3907709993504135680_ls-dr10-resid.jpg,aceac36f9475d5ccd49bd190f8039a13c62128902ff5a269b630ce41bed96279
3907712982801463936,187.631373360682,12.434041976333,ls-dr10,0.262,128,128,https://www.legacysurvey.org/viewer/jpeg-cutout?ra=187.631373360682&dec=12.434041976333&pixscale=0.262&width=128&height=128&layer=ls-dr10,image/jpeg,5837,data/literature/validation/gaia_image_cutouts/3907712982801463936_ls-dr10.jpg,8d5ce86f22a8e70883b84f08306df0614463f70e4355c30e72a0d9f076ae8f5e
3907712982801463936,187.631373360682,12.434041976333,ls-dr10-model,0.262,128,128,https://www.legacysurvey.org/viewer/jpeg-cutout?ra=187.631373360682&dec=12.434041976333&pixscale=0.262&width=128&height=128&layer=ls-dr10-model,image/jpeg,2119,data/literature/validation/gaia_image_cutouts/3907712982801463936_ls-dr10-model.jpg,7fee3784f5ddf5f5b470f54767d79337e41e737c6d7d4909c63e6f44837dd448
3907712982801463936,187.631373360682,12.434041976333,ls-dr10-resid,0.262,128,128,https://www.legacysurvey.org/viewer/jpeg-cutout?ra=187.631373360682&dec=12.434041976333&pixscale=0.262&width=128&height=128&layer=ls-dr10-resid,image/jpeg,6255,data/literature/validation/gaia_image_cutouts/3907712982801463936_ls-dr10-resid.jpg,1d0886930ea59ef02dcaeb2691d6a4b202c59a13472bbe9572dd14ce839a079d
3907714421614861312,187.639283901002,12.498434825524,ls-dr10,0.262,128,128,https://www.legacysurvey.org/viewer/jpeg-cutout?ra=187.639283901002&dec=12.498434825524&pixscale=0.262&width=128&height=128&layer=ls-dr10,image/jpeg,6833,data/literature/validation/gaia_image_cutouts/3907714421614861312_ls-dr10.jpg,22f2a9207aa3512a652b231661572ca4aeb9e0456136bb058e15cc1f4f69e8a4
3907714421614861312,187.639283901002,12.498434825524,ls-dr10-model,0.262,128,128,https://www.legacysurvey.org/viewer/jpeg-cutout?ra=187.639283901002&dec=12.498434825524&pixscale=0.262&width=128&height=128&layer=ls-dr10-model,image/jpeg,2034,data/literature/validation/gaia_image_cutouts/3907714421614861312_ls-dr10-model.jpg,097ecbcb6ea71363bf941fc26b6be4b7326a9e1264372d75d56f650c0d3bbf35
3907714421614861312,187.639283901002,12.498434825524,ls-dr10-resid,0.262,128,128,https://www.legacysurvey.org/viewer/jpeg-cutout?ra=187.639283901002&dec=12.498434825524&pixscale=0.262&width=128&height=128&layer=ls-dr10-resid,image/jpeg,6933,data/literature/validation/gaia_image_cutouts/3907714421614861312_ls-dr10-resid.jpg,3e8c3027964114e9217325ecdf5c986a3c6c91d0fc2d7bba6fac6910213e3ede
3907715834659663872,187.760770233062,12.570574091439,ls-dr10,0.262,128,128,https://www.legacysurvey.org/viewer/jpeg-cutout?ra=187.760770233062&dec=12.570574091439&pixscale=0.262&width=128&height=128&layer=ls-dr10,image/jpeg,7085,data/literature/validation/gaia_image_cutouts/3907715834659663872_ls-dr10.jpg,2d9748fec485e6d740eeff1732e097f698028e0ecb7c3e8d77d2006e8f165733
3907715834659663872,187.760770233062,12.570574091439,ls-dr10-model,0.262,128,128,https://www.legacysurvey.org/viewer/jpeg-cutout?ra=187.760770233062&dec=12.570574091439&pixscale=0.262&width=128&height=128&layer=ls-dr10-model,image/jpeg,1830,data/literature/validation/gaia_image_cutouts/3907715834659663872_ls-dr10-model.jpg,2d067c0fce54c2ee790a812db786b879a2135dc1fd2b6bf4c81a1e823c30e3dd
3907715834659663872,187.760770233062,12.570574091439,ls-dr10-resid,0.262,128,128,https://www.legacysurvey.org/viewer/jpeg-cutout?ra=187.760770233062&dec=12.570574091439&pixscale=0.262&width=128&height=128&layer=ls-dr10-resid,image/jpeg,6988,data/literature/validation/gaia_image_cutouts/3907715834659663872_ls-dr10-resid.jpg,13204e99a1c87a5da87a80098ad6b5ff17da8b15c455a7d2c34b77d89402057e
3907716109537532032,187.697464797282,12.550456242561,ls-dr10,0.262,128,128,https://www.legacysurvey.org/viewer/jpeg-cutout?ra=187.697464797282&dec=12.550456242561&pixscale=0.262&width=128&height=128&layer=ls-dr10,image/jpeg,6885,data/literature/validation/gaia_image_cutouts/3907716109537532032_ls-dr10.jpg,67fa5461f9f0fe7241941ec5381967e97e8094d81bb0d04db09de9a9b35dca8b
3907716109537532032,187.697464797282,12.550456242561,ls-dr10-model,0.262,128,128,https://www.legacysurvey.org/viewer/jpeg-cutout?ra=187.697464797282&dec=12.550456242561&pixscale=0.262&width=128&height=128&layer=ls-dr10-model,image/jpeg,1666,data/literature/validation/gaia_image_cutouts/3907716109537532032_ls-dr10-model.jpg,d5d3a6fe7a680f5da360a2693082aeb7f6e6dc0f8376a7987fd534b8d77e06b8
3907716109537532032,187.697464797282,12.550456242561,ls-dr10-resid,0.262,128,128,https://www.legacysurvey.org/viewer/jpeg-cutout?ra=187.697464797282&dec=12.550456242561&pixscale=0.262&width=128&height=128&layer=ls-dr10-resid,image/jpeg,6812,data/literature/validation/gaia_image_cutouts/3907716109537532032_ls-dr10-resid.jpg,c66663c513ccc6a84b94f03cc7c28faa1e11098d8a546293f2b26fe11263e762
3907902373679428096,187.595697314089,12.530206638703,ls-dr10,0.262,128,128,https://www.legacysurvey.org/viewer/jpeg-cutout?ra=187.595697314089&dec=12.530206638703&pixscale=0.262&width=128&height=128&layer=ls-dr10,image/jpeg,7660,data/literature/validation/gaia_image_cutouts/3907902373679428096_ls-dr10.jpg,3a74926e5e65aabf47b8be1ef3d2094424ba7dd7941855ed740efee099e88ee9
3907902373679428096,187.595697314089,12.530206638703,ls-dr10-model,0.262,128,128,https://www.legacysurvey.org/viewer/jpeg-cutout?ra=187.595697314089&dec=12.530206638703&pixscale=0.262&width=128&height=128&layer=ls-dr10-model,image/jpeg,2257,data/literature/validation/gaia_image_cutouts/3907902373679428096_ls-dr10-model.jpg,ea33980cdc9458a71e07d27608732bb8fbcfecc54345465f947d3c9cd9555770
3907902373679428096,187.595697314089,12.530206638703,ls-dr10-resid,0.262,128,128,https://www.legacysurvey.org/viewer/jpeg-cutout?ra=187.595697314089&dec=12.530206638703&pixscale=0.262&width=128&height=128&layer=ls-dr10-resid,image/jpeg,7492,data/literature/validation/gaia_image_cutouts/3907902373679428096_ls-dr10-resid.jpg,77877a7ee6581439a619b4e759b7e24b044e06691c9fa724c73b7c241a1b7daf
3907906320753259008,187.468358499364,12.584459785013,ls-dr10,0.262,128,128,https://www.legacysurvey.org/viewer/jpeg-cutout?ra=187.468358499364&dec=12.584459785013&pixscale=0.262&width=128&height=128&layer=ls-dr10,image/jpeg,5778,data/literature/validation/gaia_image_cutouts/3907906320753259008_ls-dr10.jpg,b7a023318994ab1a9551c4f18e495ed7ac17c4403a4896f8e0d806a3d83faefa
3907906320753259008,187.468358499364,12.584459785013,ls-dr10-model,0.262,128,128,https://www.legacysurvey.org/viewer/jpeg-cutout?ra=187.468358499364&dec=12.584459785013&pixscale=0.262&width=128&height=128&layer=ls-dr10-model,image/jpeg,1829,data/literature/validation/gaia_image_cutouts/3907906320753259008_ls-dr10-model.jpg,45c57dc0f76dd1276db446cb97c8388f022ede473792679a15951dae72e9c6d4
3907906320753259008,187.468358499364,12.584459785013,ls-dr10-resid,0.262,128,128,https://www.legacysurvey.org/viewer/jpeg-cutout?ra=187.468358499364&dec=12.584459785013&pixscale=0.262&width=128&height=128&layer=ls-dr10-resid,image/jpeg,5636,data/literature/validation/gaia_image_cutouts/3907906320753259008_ls-dr10-resid.jpg,9f671d2cc7fd9a9fb147f903b040442976b3febb7a7d622602aaeda7252ac808
3907908764590507392,187.525224984589,12.664998115280,ls-dr10,0.262,128,128,https://www.legacysurvey.org/viewer/jpeg-cutout?ra=187.525224984589&dec=12.664998115280&pixscale=0.262&width=128&height=128&layer=ls-dr10,image/jpeg,6217,data/literature/validation/gaia_image_cutouts/3907908764590507392_ls-dr10.jpg,34602bfa3fe3c29f3b5d9d074e6981c3b3e481d829294ed58d3247671a0bdba1
3907908764590507392,187.525224984589,12.664998115280,ls-dr10-model,0.262,128,128,https://www.legacysurvey.org/viewer/jpeg-cutout?ra=187.525224984589&dec=12.664998115280&pixscale=0.262&width=128&height=128&layer=ls-dr10-model,image/jpeg,1656,data/literature/validation/gaia_image_cutouts/3907908764590507392_ls-dr10-model.jpg,f858f11527de93429da30739f06745493739823d3505fa72ecff7279d8e9116b
3907908764590507392,187.525224984589,12.664998115280,ls-dr10-resid,0.262,128,128,https://www.legacysurvey.org/viewer/jpeg-cutout?ra=187.525224984589&dec=12.664998115280&pixscale=0.262&width=128&height=128&layer=ls-dr10-resid,image/jpeg,6115,data/literature/validation/gaia_image_cutouts/3907908764590507392_ls-dr10-resid.jpg,0a9395da4e8a3bb728b10dfe093ef189c94bbda0eed56146580c6e6f2d65ddb6
3931738170861716352,187.882067819896,12.691765075772,ls-dr10,0.262,128,128,https://www.legacysurvey.org/viewer/jpeg-cutout?ra=187.882067819896&dec=12.691765075772&pixscale=0.262&width=128&height=128&layer=ls-dr10,image/jpeg,8338,data/literature/validation/gaia_image_cutouts/3931738170861716352_ls-dr10.jpg,2176d240d31af718a37112cf06649a26ebd057133e8fbffeb617cbd6c72d2c99
3931738170861716352,187.882067819896,12.691765075772,ls-dr10-model,0.262,128,128,https://www.legacysurvey.org/viewer/jpeg-cutout?ra=187.882067819896&dec=12.691765075772&pixscale=0.262&width=128&height=128&layer=ls-dr10-model,image/jpeg,1988,data/literature/validation/gaia_image_cutouts/3931738170861716352_ls-dr10-model.jpg,d4d5aa6c3eb32ff54e80c3ee2b0083ca47197b6d6db81d75e43e3de1e81b16c1
3931738170861716352,187.882067819896,12.691765075772,ls-dr10-resid,0.262,128,128,https://www.legacysurvey.org/viewer/jpeg-cutout?ra=187.882067819896&dec=12.691765075772&pixscale=0.262&width=128&height=128&layer=ls-dr10-resid,image/jpeg,8311,data/literature/validation/gaia_image_cutouts/3931738170861716352_ls-dr10-resid.jpg,be7dd3392136a6329bc0e27b3f07b642fd21e38ce0fbac76f6dda33e5939dc90
3931942263415425280,187.630992675836,12.865732510778,ls-dr10,0.262,128,128,https://www.legacysurvey.org/viewer/jpeg-cutout?ra=187.630992675836&dec=12.865732510778&pixscale=0.262&width=128&height=128&layer=ls-dr10,image/jpeg,7116,data/literature/validation/gaia_image_cutouts/3931942263415425280_ls-dr10.jpg,1dfddb7386acb053c957d25d954e8589283cf5c9d483045f0453294662adc57d
3931942263415425280,187.630992675836,12.865732510778,ls-dr10-model,0.262,128,128,https://www.legacysurvey.org/viewer/jpeg-cutout?ra=187.630992675836&dec=12.865732510778&pixscale=0.262&width=128&height=128&layer=ls-dr10-model,image/jpeg,1925,data/literature/validation/gaia_image_cutouts/3931942263415425280_ls-dr10-model.jpg,8ff71ddecec49d20b07a87104a867e2078af8d9afc3a083591d66e666086b84e
3931942263415425280,187.630992675836,12.865732510778,ls-dr10-resid,0.262,128,128,https://www.legacysurvey.org/viewer/jpeg-cutout?ra=187.630992675836&dec=12.865732510778&pixscale=0.262&width=128&height=128&layer=ls-dr10-resid,image/jpeg,7138,data/literature/validation/gaia_image_cutouts/3931942263415425280_ls-dr10-resid.jpg,489c30881d8c8cefc9b1ca899295eac27b16eca4cc777b404b94403fdc3abf76
4860278347563228160,54.549885786988,-35.665872964819,ls-dr10,0.262,128,128,https://www.legacysurvey.org/viewer/jpeg-cutout?ra=54.549885786988&dec=-35.665872964819&pixscale=0.262&width=128&height=128&layer=ls-dr10,image/jpeg,6508,data/literature/validation/gaia_image_cutouts/4860278347563228160_ls-dr10.jpg,29456d256f07f8e19352edc04c59b72e9e0ece0d31901c9601f2f08016d540b8
4860278347563228160,54.549885786988,-35.665872964819,ls-dr10-model,0.262,128,128,https://www.legacysurvey.org/viewer/jpeg-cutout?ra=54.549885786988&dec=-35.665872964819&pixscale=0.262&width=128&height=128&layer=ls-dr10-model,image/jpeg,1530,data/literature/validation/gaia_image_cutouts/4860278347563228160_ls-dr10-model.jpg,a1da610ba8c981a68a79912e4046af4e26f231e0b57f6a55841f0c4eeb9d8da5
4860278347563228160,54.549885786988,-35.665872964819,ls-dr10-resid,0.262,128,128,https://www.legacysurvey.org/viewer/jpeg-cutout?ra=54.549885786988&dec=-35.665872964819&pixscale=0.262&width=128&height=128&layer=ls-dr10-resid,image/jpeg,6429,data/literature/validation/gaia_image_cutouts/4860278347563228160_ls-dr10-resid.jpg,35d309837bba729c1c544f40ae44b260b5a8218c6c338efd90b9e960676d87b8
4860288449326385408,54.353574466522,-35.602668719013,ls-dr10,0.262,128,128,https://www.legacysurvey.org/viewer/jpeg-cutout?ra=54.353574466522&dec=-35.602668719013&pixscale=0.262&width=128&height=128&layer=ls-dr10,image/jpeg,6732,data/literature/validation/gaia_image_cutouts/4860288449326385408_ls-dr10.jpg,2f8536ea880566090b4d5416d0b436a08d5901d8194ce0a4fde24151f247c18e
4860288449326385408,54.353574466522,-35.602668719013,ls-dr10-model,0.262,128,128,https://www.legacysurvey.org/viewer/jpeg-cutout?ra=54.353574466522&dec=-35.602668719013&pixscale=0.262&width=128&height=128&layer=ls-dr10-model,image/jpeg,1702,data/literature/validation/gaia_image_cutouts/4860288449326385408_ls-dr10-model.jpg,22dc104d48eabb1348cf1fc18e5ab9398ce3afae12dbb2b5377f734e7394bb19
4860288449326385408,54.353574466522,-35.602668719013,ls-dr10-resid,0.262,128,128,https://www.legacysurvey.org/viewer/jpeg-cutout?ra=54.353574466522&dec=-35.602668719013&pixscale=0.262&width=128&height=128&layer=ls-dr10-resid,image/jpeg,6677,data/literature/validation/gaia_image_cutouts/4860288449326385408_ls-dr10-resid.jpg,53fcd2c71d903744991aa367d577f5b11f67e8ad4e00253e466d0197382436eb
4860373425254943104,54.931338923724,-35.449761554657,ls-dr10,0.262,128,128,https://www.legacysurvey.org/viewer/jpeg-cutout?ra=54.931338923724&dec=-35.449761554657&pixscale=0.262&width=128&height=128&layer=ls-dr10,image/jpeg,6491,data/literature/validation/gaia_image_cutouts/4860373425254943104_ls-dr10.jpg,6c49171ef4bbdfa1cdb9f264cff9ce0d1abc8425a5360b34114fc638dcf86422
4860373425254943104,54.931338923724,-35.449761554657,ls-dr10-model,0.262,128,128,https://www.legacysurvey.org/viewer/jpeg-cutout?ra=54.931338923724&dec=-35.449761554657&pixscale=0.262&width=128&height=128&layer=ls-dr10-model,image/jpeg,2412,data/literature/validation/gaia_image_cutouts/4860373425254943104_ls-dr10-model.jpg,77626cc17d00d3e9b103fc74db7b95b11ec2d28b9da29db02d1a5743e5cc496f
4860373425254943104,54.931338923724,-35.449761554657,ls-dr10-resid,0.262,128,128,https://www.legacysurvey.org/viewer/jpeg-cutout?ra=54.931338923724&dec=-35.449761554657&pixscale=0.262&width=128&height=128&layer=ls-dr10-resid,image/jpeg,6549,data/literature/validation/gaia_image_cutouts/4860373425254943104_ls-dr10-resid.jpg,0d91de0cc1a72d5f51ca2a4f02d38efdcababc3134abac651b35c645930367c0
4860384381715556224,54.904862266971,-35.256030989975,ls-dr10,0.262,128,128,https://www.legacysurvey.org/viewer/jpeg-cutout?ra=54.904862266971&dec=-35.256030989975&pixscale=0.262&width=128&height=128&layer=ls-dr10,image/jpeg,7237,data/literature/validation/gaia_image_cutouts/4860384381715556224_ls-dr10.jpg,63741c1ec1b57b43a9945258a1bfe4d58f50844e10c4a24f98582be606170a01
4860384381715556224,54.904862266971,-35.256030989975,ls-dr10-model,0.262,128,128,https://www.legacysurvey.org/viewer/jpeg-cutout?ra=54.904862266971&dec=-35.256030989975&pixscale=0.262&width=128&height=128&layer=ls-dr10-model,image/jpeg,1851,data/literature/validation/gaia_image_cutouts/4860384381715556224_ls-dr10-model.jpg,026f688b6c990f06c3bfe01c2ce684bd52d1e099b39ae2a40d48198444512194
4860384381715556224,54.904862266971,-35.256030989975,ls-dr10-resid,0.262,128,128,https://www.legacysurvey.org/viewer/jpeg-cutout?ra=54.904862266971&dec=-35.256030989975&pixscale=0.262&width=128&height=128&layer=ls-dr10-resid,image/jpeg,7070,data/literature/validation/gaia_image_cutouts/4860384381715556224_ls-dr10-resid.jpg,7aa1c74d323287478ae04e5ad21b6b7c5623bd663372050580f6f77d083fd6c7
4860387031711083520,54.653554475254,-35.469252950597,ls-dr10,0.262,128,128,https://www.legacysurvey.org/viewer/jpeg-cutout?ra=54.653554475254&dec=-35.469252950597&pixscale=0.262&width=128&height=128&layer=ls-dr10,image/jpeg,3223,data/literature/validation/gaia_image_cutouts/4860387031711083520_ls-dr10.jpg,348d2add61ada48d0b5a0f547861b456f74323818926301117704be8236ced23
4860387031711083520,54.653554475254,-35.469252950597,ls-dr10-model,0.262,128,128,https://www.legacysurvey.org/viewer/jpeg-cutout?ra=54.653554475254&dec=-35.469252950597&pixscale=0.262&width=128&height=128&layer=ls-dr10-model,image/jpeg,1858,data/literature/validation/gaia_image_cutouts/4860387031711083520_ls-dr10-model.jpg,eeb371410ec1e16c99b8a9c02c3bdef4064649093e3069e6398d41c1eac49925
4860387031711083520,54.653554475254,-35.469252950597,ls-dr10-resid,0.262,128,128,https://www.legacysurvey.org/viewer/jpeg-cutout?ra=54.653554475254&dec=-35.469252950597&pixscale=0.262&width=128&height=128&layer=ls-dr10-resid,image/jpeg,6790,data/literature/validation/gaia_image_cutouts/4860387031711083520_ls-dr10-resid.jpg,1429dbe5eacb0be38a803a58602a2cc93f84ce41e914a65feeeab92ae5b52cad
4860410460757384576,55.103878749854,-35.110343392416,ls-dr10,0.262,128,128,https://www.legacysurvey.org/viewer/jpeg-cutout?ra=55.103878749854&dec=-35.110343392416&pixscale=0.262&width=128&height=128&layer=ls-dr10,image/jpeg,7185,data/literature/validation/gaia_image_cutouts/4860410460757384576_ls-dr10.jpg,26e8442f3978eea676e89e1a67234a5f4b6e071b390d753efcb269e9ce102f46
4860410460757384576,55.103878749854,-35.110343392416,ls-dr10-model,0.262,128,128,https://www.legacysurvey.org/viewer/jpeg-cutout?ra=55.103878749854&dec=-35.110343392416&pixscale=0.262&width=128&height=128&layer=ls-dr10-model,image/jpeg,2336,data/literature/validation/gaia_image_cutouts/4860410460757384576_ls-dr10-model.jpg,193b73384072550565f059c7091f9400391e157c5e6faa44651bc1c8498cd9b5
4860410460757384576,55.103878749854,-35.110343392416,ls-dr10-resid,0.262,128,128,https://www.legacysurvey.org/viewer/jpeg-cutout?ra=55.103878749854&dec=-35.110343392416&pixscale=0.262&width=128&height=128&layer=ls-dr10-resid,image/jpeg,7140,data/literature/validation/gaia_image_cutouts/4860410460757384576_ls-dr10-resid.jpg,a27bea2d506d7b915e524068cc4cfd84085b0f927e3560cf841e74267f3b5504
