bibcode,year,title,first_author,doi,has_ads_data_property,category,priority,decision,reason,data_access_status
2015A&A...579L...3L,2015,The build-up of the cD halo of M 87: evidence for accretion in the last Gyr,"Longobardi, A.",10.1051/0004-6361/201526282,1,pending_context_screening,unreviewed,pending_screening,Manual screening required,not_checked
2015ApJ...802...30Z,2015,The Next Generation Virgo Cluster Survey. VI. The Kinematics of Ultra-compact Dwarfs and Globular Clusters in M87,"Zhang, Hong-Xin",10.1088/0004-637X/802/1/30,1,nearby_reference_data,high,include,Missing spectroscopic M87 UCD dataset already present as a processed CSV,retrieved_vizier
2015ApJ...804...70G,2015,"The Next Generation Virgo Cluster Survey. XII. Stellar Populations and Kinematics of Compact, Low-mass Early-type Galaxies from Gemini GMOS-IFU Spectroscopy","Guérou, Adrien",10.1088/0004-637X/804/1/70,1,pending_context_screening,unreviewed,pending_screening,Manual screening required,not_checked
2015ApJ...806..133L,2015,A Gemini/GMOS Study of Intermediate Luminosity Early-type Virgo Cluster Galaxies. I. Globular Cluster and Stellar Kinematics,"Li, Biao",10.1088/0004-637X/806/1/133,1,pending_context_screening,unreviewed,pending_screening,Manual screening required,not_checked
2015ApJ...807...88G,2015,The Next Generation Virgo Cluster Survey. IX. Estimating the Efficiency of Galaxy Formation on the Lowest-mass Scales,"Grossauer, Jonathan",10.1088/0004-637X/807/1/88,1,pending_context_screening,unreviewed,pending_screening,Manual screening required,not_checked
2015ApJ...809L..21M,2015,Galaxies at the Extremes: Ultra-diffuse Galaxies in the Virgo Cluster,"Mihos, J. Christopher",10.1088/2041-8205/809/2/L21,1,pending_object_data_screening,unreviewed,pending_screening,Manual screening required,not_checked
2015ApJ...812...34L,2015,"The Next Generation Virgo Cluster Survey. X. Properties of Ultra-compact Dwarfs in the M87, M49, and M60 Regions.","Liu, Chengze",10.1088/0004-637X/812/1/34,1,pending_object_data_screening,unreviewed,pending_screening,Manual screening required,not_checked
2015ApJ...812L...2L,2015,The Most Massive Ultra-compact Dwarf Galaxy in the Virgo Cluster,"Liu, Chengze",10.1088/2041-8205/812/1/L2,1,pending_object_data_screening,unreviewed,pending_screening,Manual screening required,not_checked
2015ApJ...813L..15M,2015,Unveiling a Rich System of Faint Dwarf Galaxies in the Next Generation Fornax Survey,"Muñoz, Roberto P.",10.1088/2041-8205/813/1/L15,1,pending_context_screening,unreviewed,pending_screening,Manual screening required,not_checked
2015MNRAS.450.1962P,2015,A SLUGGS and Gemini/GMOS combined study of the elliptical galaxy M60: wide-field photometry and kinematics of the globular cluster system,"Pota, Vincenzo",10.1093/mnras/stv677,1,pending_context_screening,unreviewed,pending_screening,Manual screening required,not_checked
2015MNRAS.450.3345P,2015,The SLUGGS survey: multipopulation dynamical modelling of the elliptical galaxy NGC 1407 from stars and globular clusters,"Pota, Vincenzo",10.1093/mnras/stv831,1,pending_context_screening,unreviewed,pending_screening,Manual screening required,not_checked
2015MNRAS.452.2208A,2015,The SLUGGS survey: globular cluster kinematics in a `double sigma' galaxy - NGC 4473,"Alabi, Adebusola B.",10.1093/mnras/stv1426,1,pending_context_screening,unreviewed,pending_screening,Manual screening required,not_checked
2015arXiv151107514R,2015,Mapping out the origins of compact stellar systems,"Romanowsky, Aaron J.",10.48550/arXiv.1511.07514,0,pending_object_data_screening,unreviewed,pending_screening,Manual screening required,not_checked
2016A&A...585A...2B,2016,The GALEX Ultraviolet Virgo Cluster Survey (GUViCS). VI. The UV luminosity function of the Virgo cluster and its surrounding regions,"Boselli, A.",10.1051/0004-6361/201526915,1,pending_context_screening,unreviewed,pending_screening,Manual screening required,not_checked
2016A&A...586A.102V,2016,Globular cluster clustering and tidal features around ultra-compact dwarf galaxies in the halo of NGC 1399,"Voggel, Karina",10.1051/0004-6361/201527070,1,pending_object_data_screening,unreviewed,pending_screening,Manual screening required,not_checked
2016ApJ...819..124L,2016,The Next Generation Virgo Cluster Survey. XIX. Tomography of Milky Way Substructures in the NGVS Footprint,"Lokhorst, Deborah",10.3847/0004-637X/819/2/124,1,pending_context_screening,unreviewed,pending_screening,Manual screening required,not_checked
2016ApJ...819..162P,2016,A Comprehensive Archival Chandra Search for X-Ray Emission from Ultracompact Dwarf Galaxies,"Pandya, Viraj",10.3847/0004-637X/819/2/162,1,pending_object_data_screening,unreviewed,pending_screening,Manual screening required,not_checked
2016ApJ...819..164H,2016,Chandra Detection of X-Ray Emission from Ultracompact Dwarf Galaxies and Extended Star Clusters,"Hou, Meicun",10.3847/0004-637X/819/2/164,1,pending_object_data_screening,unreviewed,pending_screening,Manual screening required,not_checked
2016ApJ...820...69S,2016,"The Next Generation Virgo Cluster Survey. VII. The Intrinsic Shapes of Low-luminosity Galaxies in the Core of the Virgo Cluster, and a Comparison with the Local Group","Sánchez-Janssen, Rubén",10.3847/0004-637X/820/1/69,1,pending_context_screening,unreviewed,pending_screening,Manual screening required,not_checked
2016ApJ...822...51T,2016,The Next Generation Virgo Cluster Survey XVI: The Angular Momentum of Dwarf Early-type Galaxies from Globular Cluster Satellites,"Toloba, Elisa",10.3847/0004-637X/822/1/51,1,pending_context_screening,unreviewed,pending_screening,Manual screening required,not_checked
2016ApJ...824...10F,2016,The Next Generation Virgo Cluster Survey (NGVS). XIII. The Luminosity and Mass Function of Galaxies in the Core of the Virgo Cluster and the Contribution from Disrupted Satellites,"Ferrarese, Laura",10.3847/0004-637X/824/1/10,1,pending_object_data_screening,unreviewed,pending_screening,Manual screening required,not_checked
2016ApJ...829...44L,2016,The Next Generation Virgo Cluster Survey. XX. RedGOLD Background Galaxy Cluster Detections,"Licitra, Rossella",10.3847/0004-637X/829/1/44,1,pending_context_screening,unreviewed,pending_screening,Manual screening required,not_checked
2016ApJ...830...99L,2016,The ACS Fornax Cluster Survey. XII. Diffuse Star Clusters in Early-type Galaxies,"Liu, Yiqing",10.3847/0004-637X/830/2/99,1,pending_context_screening,unreviewed,pending_screening,Manual screening required,not_checked
2016ApJ...831..108L,2016,"Globular Clusters, Ultracompact Dwarfs, and Dwarf Galaxies in Abell 2744 at a Redshift of 0.308","Lee, Myung Gyoon",10.3847/0004-637X/831/1/108,1,pending_object_data_screening,unreviewed,pending_screening,Manual screening required,not_checked
2016ApJS..227...12P,2016,The Next Generation Virgo Cluster Survey (NGVS). XXV. Fiducial Panchromatic Colors of Virgo Core Globular Clusters and Their Comparison to Model Predictions,"Powalka, Mathieu",10.3847/0067-0049/227/1/12,1,pending_context_screening,unreviewed,pending_screening,Manual screening required,not_checked
2016IAUS..312..264Z,2016,Origin of ultra-compact dwarfs: a dynamical perspective,"Zhang, Hong-Xin",10.1017/S1743921315008005,0,pending_object_data_screening,unreviewed,pending_screening,Manual screening required,not_checked
2016IAUS..317...27M,2016,Intragroup and Intracluster Light,"Mihos, J. Christopher",10.1017/S1743921315006857,0,pending_context_screening,unreviewed,pending_screening,Manual screening required,not_checked
2016IAUS..317..153P,2016,"Globular Clusters, Dwarf Galaxies, and the Assembly of the M87 Halo","Peng, Eric W.",10.1017/S1743921315009837,0,pending_object_data_screening,unreviewed,pending_screening,Manual screening required,not_checked
2016IAUTA..29..502C,2016,Highlights of Commission 37 Science Results,"Carraro, Giovanni",10.1017/S174392131600096X,0,pending_context_screening,unreviewed,pending_screening,Manual screening required,not_checked
2016MNRAS.456..617J,2016,The AIMSS Project - III. The stellar populations of compact stellar systems,"Janz, Joachim",10.1093/mnras/stv2636,1,pending_object_data_screening,unreviewed,pending_screening,Manual screening required,not_checked
2016MNRAS.458.2492P,2016,Constraining ultracompact dwarf galaxy formation with galaxy clusters in the local universe,"Pfeffer, J.",10.1093/mnras/stw498,1,pending_object_data_screening,unreviewed,pending_screening,Manual screening required,not_checked
2016MNRAS.459.4450W,2016,Peculiar compact stellar systems in the Fornax cluster,"Wittmann, Carolin",10.1093/mnras/stw827,1,pending_object_data_screening,unreviewed,pending_screening,Manual screening required,not_checked
2016MNRAS.462.4001Z,2016,"A discrete chemo-dynamical model of the giant elliptical galaxy NGC 5846: dark matter fraction, internal rotation, and velocity anisotropy out to six effective radii","Zhu, Ling",10.1093/mnras/stw1931,1,pending_context_screening,unreviewed,pending_screening,Manual screening required,not_checked
2017A&A...599L...8F,2017,First confirmed ultra-compact dwarf galaxy in the NGC 5044 group,"Faifer, Favio R.",10.1051/0004-6361/201730493,1,pending_object_data_screening,unreviewed,pending_screening,Manual screening required,not_checked
2017ApJ...835..123L,2017,Globular Clusters as Tracers of Fine Structure in the Dramatic Shell Galaxy NGC 474,"Lim, Sungsoon",10.3847/1538-4357/835/2/123,1,pending_context_screening,unreviewed,pending_screening,Manual screening required,not_checked
2017ApJ...835..212K,2017,To the Edge of M87 and Beyond: Spectroscopy of Intracluster Globular Clusters and Ultracompact Dwarfs in the Virgo Cluster,"Ko, Youkyung",10.3847/1538-4357/835/2/212,1,pending_object_data_screening,unreviewed,pending_screening,Manual screening required,not_checked
2017ApJ...835L...2Z,2017,M32 Analogs? A Population of Massive Ultra-compact Dwarf and Compact Elliptical Galaxies in Intermediate-redshift Clusters,"Zhang, Yuanyuan",10.3847/2041-8213/835/1/L2,1,pending_object_data_screening,unreviewed,pending_screening,Manual screening required,not_checked
2017ApJ...836..120R,2017,The Next Generation Virgo Cluster Survey (NGVS). XXIV. The Red Sequence to ~10<SUP>6</SUP> L <SUB>☉</SUB> and Comparisons with Galaxy Formation Models,"Roediger, Joel C.",10.3847/1538-4357/836/1/120,1,pending_context_screening,unreviewed,pending_screening,Manual screening required,not_checked
2017ApJ...836..147L,2017,"Erratum: ""The Next Generation Virgo Cluster Survey. X. Properties of Ultra-compact Dwarfs in the M87, M49, and M60 Regions"" (<A href=""https://doi.org/10.1088/0004-637x/812/1/34"">2015, APJ, 812, 34</A>)","Liu, Chengze",10.3847/1538-4357/836/1/147,1,pending_object_data_screening,unreviewed,pending_screening,Manual screening required,not_checked
2017ApJ...839L..17J,2017,Ultra-diffuse and Ultra-compact Galaxies in the Frontier Fields Cluster Abell 2744,"Janssens, Steven",10.3847/2041-8213/aa667d,1,pending_object_data_screening,unreviewed,pending_screening,Manual screening required,not_checked
2017ApJ...848..114P,2017,Next Generation Virgo Cluster Survey. XXI. The Weak Lensing Masses of the CFHTLS and NGVS RedGOLD Galaxy Clusters and Calibration of the Optical Richness,"Parroni, Carolina",10.3847/1538-4357/aa8b6c,1,pending_context_screening,unreviewed,pending_screening,Manual screening required,not_checked
2017ApJ...849...55S,2017,Virgo Redux: The Masses and Stellar Content of Nuclei in Early-type Galaxies from Multiband Photometry and Spectroscopy,"Spengler, Chelsea",10.3847/1538-4357/aa8a78,1,pending_object_data_screening,unreviewed,pending_screening,Manual screening required,not_checked
2017IAUS..316..105R,2017,Mapping out the origins of compact stellar systems,"Romanowsky, Aaron J.",10.1017/S1743921315010662,0,pending_object_data_screening,unreviewed,pending_screening,Manual screening required,not_checked
2017MNRAS.464.2090R,2017,Multiphase environment of compact galactic nuclei: the role of the nuclear star cluster,"Różańska, A.",10.1093/mnras/stw2460,1,pending_object_data_screening,unreviewed,pending_screening,Manual screening required,not_checked
2017MNRAS.468.3949A,2017,The SLUGGS survey: dark matter fractions at large radii and assembly epochs of early-type galaxies from globular cluster kinematics,"Alabi, Adebusola B.",10.1093/mnras/stx678,1,pending_context_screening,unreviewed,pending_screening,Manual screening required,not_checked
2017MNRAS.468.4513M,2017,Ages and structural and dynamical parameters of two globular clusters in the M81 group,"Ma, Jun",10.1093/mnras/stx761,1,pending_object_data_screening,unreviewed,pending_screening,Manual screening required,not_checked
2017arXiv170504332L,2017,The Next Generation Virgo Cluster Survey. XX. RedGOLD Background Galaxy Cluster Detections,"Licitra, Rossella",10.48550/arXiv.1705.04332,0,pending_context_screening,unreviewed,pending_screening,Manual screening required,not_checked
2018A&A...620A.111L,2018,Kinematics of the outer halo of M 87 as mapped by planetary nebulae⋆,"Longobardi, A.",10.1051/0004-6361/201832729,1,pending_context_screening,unreviewed,pending_screening,Manual screening required,not_checked
2018ApJ...855..142E,2018,The Next Generation Fornax Survey (NGFS). II. The Central Dwarf Galaxy Population,"Eigenthaler, Paul",10.3847/1538-4357/aaab60,1,pending_context_screening,unreviewed,pending_screening,Manual screening required,not_checked
2018ApJ...858...37Z,2018,Stellar Population Properties of Ultracompact Dwarfs in M87: A Mass-Metallicity Correlation Connecting Low-metallicity Globular Clusters and Compact Ellipticals,"Zhang, Hong-Xin",10.3847/1538-4357/aab88a,1,pending_object_data_screening,unreviewed,pending_screening,Manual screening required,not_checked
2018ApJ...863..130W,2018,The SLUGGS Survey: The Inner Dark Matter Density Slope of the Massive Elliptical Galaxy NGC 1407,"Wasserman, Asher",10.3847/1538-4357/aad236,1,pending_context_screening,unreviewed,pending_screening,Manual screening required,not_checked
2018ApJ...864...36L,2018,The Next Generation Virgo Cluster Survey (NGVS). XXXI. The Kinematics of Intracluster Globular Clusters in the Core of the Virgo Cluster,"Longobardi, Alessia",10.3847/1538-4357/aad3d2,1,pending_context_screening,unreviewed,pending_screening,Manual screening required,not_checked
2018ApJ...865...40L,2018,The Active Assembly of the Virgo Cluster: Indications for Recent Group Infall From Early-type Dwarf Galaxies,"Lisker, Thorsten",10.3847/1538-4357/aadae1,1,pending_context_screening,unreviewed,pending_screening,Manual screening required,not_checked
2018MNRAS.473.5446V,2018,The MASSIVE survey - VIII. Stellar velocity dispersion profiles and environmental dependence of early-type galaxies,"Veale, Melanie",10.1093/mnras/stx2717,1,pending_context_screening,unreviewed,pending_screening,Manual screening required,not_checked
2019A&A...628A..92F,2019,Constraining nuclear star cluster formation using MUSE-AO observations of the early-type galaxy FCC 47,"Fahrion, Katja",10.1051/0004-6361/201935832,1,pending_context_screening,unreviewed,pending_screening,Manual screening required,not_checked
2019ApJ...871..159V,2019,The Impact of Stripped Nuclei on the Supermassive Black Hole Number Density in the Local Universe,"Voggel, Karina T.",10.3847/1538-4357/aaf735,1,pending_object_data_screening,unreviewed,pending_screening,Manual screening required,not_checked
2019ApJ...878...18S,2019,The Next Generation Virgo Cluster Survey. XXIII. Fundamentals of Nuclear Star Clusters over Seven Decades in Galaxy Mass,"Sánchez-Janssen, Rubén",10.3847/1538-4357/aaf4fd,1,pending_context_screening,unreviewed,pending_screening,Manual screening required,not_checked
2019ApJ...885..145S,2019,The Next Generation Virgo Cluster Survey. XVII. A Search for Planetary Nebulae in Virgo Cluster Globular Clusters,"Sun, Weijia",10.3847/1538-4357/ab49fb,1,pending_object_data_screening,unreviewed,pending_screening,Manual screening required,not_checked
2019IAUS..344....3H,2019,The Future of Dwarf Galaxy Research: What Telescopes Will Discover,"Haynes, Martha P.",10.1017/S1743921319000073,0,pending_context_screening,unreviewed,pending_screening,Manual screening required,not_checked
2019MNRAS.482.2978A,2019,Globular cluster populations and the kinematical fingerprints of minor mergers,"Amorisco, N. C.",10.1093/mnras/sty2927,1,pending_context_screening,unreviewed,pending_screening,Manual screening required,not_checked
2019MNRAS.488.5400N,2019,Is there a fundamental upper limit to the mass of a star cluster?,"Norris, Mark A.",10.1093/mnras/stz2096,1,pending_object_data_screening,unreviewed,pending_screening,Manual screening required,not_checked
2020A&A...634A..53F,2020,Metal-poor nuclear star clusters in two dwarf galaxies near Centaurus A suggesting formation from the in-spiraling of globular clusters,"Fahrion, Katja",10.1051/0004-6361/201937120,1,pending_context_screening,unreviewed,pending_screening,Manual screening required,not_checked
2020A&A...637A..26F,2020,The Fornax 3D project: Globular clusters tracing kinematics and metallicities,"Fahrion, K.",10.1051/0004-6361/202037685,1,pending_context_screening,unreviewed,pending_screening,Manual screening required,not_checked
2020A&A...637A..27F,2020,The Fornax 3D project: Non-linear colour-metallicity relation of globular clusters,"Fahrion, K.",10.1051/0004-6361/202037686,1,pending_context_screening,unreviewed,pending_screening,Manual screening required,not_checked
2020A&A...639A.136C,2020,The Fornax Deep Survey with VST. IX. Catalog of sources in the FDS area with an example study for globular clusters and background galaxies,"Cantiello, Michele",10.1051/0004-6361/202038137,1,pending_context_screening,unreviewed,pending_screening,Manual screening required,not_checked
2020ApJ...899...69L,2020,The Next Generation Virgo Cluster Survey (NGVS). XXX. Ultra-diffuse Galaxies and Their Globular Cluster Systems,"Lim, Sungsoon",10.3847/1538-4357/aba433,1,pending_context_screening,unreviewed,pending_screening,Manual screening required,not_checked
2020ApJ...900...95V,2020,The Assembly History of M87 through Radial Variations in Chemical Abundances of Its Field Star and Globular Cluster Populations,"Villaume, Alexa",10.3847/1538-4357/aba616,1,pending_context_screening,unreviewed,pending_screening,Manual screening required,not_checked
2020ApJS..250...17L,2020,The Next Generation Virgo Cluster Survey. XXXIV. Ultracompact Dwarf Galaxies in the Virgo Cluster,"Liu, Chengze",10.3847/1538-4365/abad91,1,pending_object_data_screening,unreviewed,pending_screening,Manual screening required,not_checked
2020IAUS..351..108F,2020,Using MUSE-AO observations to constrain the formation of the large nuclear star cluster in FCC 47,"Fahrion, Katja",10.1017/S1743921319006811,0,pending_context_screening,unreviewed,pending_screening,Manual screening required,not_checked
2020MNRAS.491.1901H,2020,Newly discovered dwarf galaxies in the MATLAS low-density fields,"Habas, Rebecca",10.1093/mnras/stz3045,1,pending_context_screening,unreviewed,pending_screening,Manual screening required,not_checked
2020MNRAS.492.2775L,2020,A discrete chemo-dynamical model of M87's globular clusters: Kinematics extending to ∼400 kpc,"Li, Chao",10.1093/mnras/staa027,1,pending_context_screening,unreviewed,pending_screening,Manual screening required,not_checked
2020MNRAS.492.3263G,2020,A consistency test for determining whether ultracompact dwarf galaxies could be the remnant nuclei of threshed galaxies,"Graham, Alister W.",10.1093/mnras/stz3547,1,pending_object_data_screening,unreviewed,pending_screening,Manual screening required,not_checked
2020MNRAS.493L..76K,2020,Stellar properties of the host galaxy of an ultraluminous X-ray source in NGC 5252,"Kim, Minjin",10.1093/mnrasl/slaa011,1,pending_context_screening,unreviewed,pending_screening,Manual screening required,not_checked
2020MNRAS.495.1321D,2020,The assembly history of the nearest S0 galaxy NGC 3115 from its kinematics out to six half-light radii,"Dolfi, Arianna",10.1093/mnras/staa1080,1,pending_object_data_screening,unreviewed,pending_screening,Manual screening required,not_checked
2020MNRAS.497..765F,2020,Keck Cosmic Web Imager (KCWI) spectra of globular clusters and ultracompact dwarfs in the halo of M87,"Forbes, Duncan A.",10.1093/mnras/staa1924,1,pending_object_data_screening,unreviewed,pending_screening,Manual screening required,not_checked
2020MNRAS.498.2766W,2020,A recent major merger tale for the closest giant elliptical galaxy Centaurus A,"Wang, Jianling",10.1093/mnras/staa2508,1,pending_context_screening,unreviewed,pending_screening,Manual screening required,not_checked
2020RAA....20..198L,2020,The relaxation of galaxy clusters at redshift z = 0 in IllustrisTNG simulation,"Li, Chao",10.1088/1674-4527/20/12/198,1,pending_context_screening,unreviewed,pending_screening,Manual screening required,not_checked
2020SCPMA..6309801W,2020,The mass of our Milky Way,"Wang, WenTing",10.1007/s11433-019-1541-6,0,pending_context_screening,unreviewed,pending_screening,Manual screening required,not_checked
2021A&A...645A..92M,2021,"The properties of dwarf spheroidal galaxies in the Cen A group. Stellar populations, internal dynamics, and a heart-shaped Hα ring","Müller, Oliver",10.1051/0004-6361/202039359,1,pending_context_screening,unreviewed,pending_screening,Manual screening required,not_checked
2021A&A...650A.137F,2021,Diversity of nuclear star cluster formation mechanisms revealed by their star formation histories,"Fahrion, K.",10.1051/0004-6361/202140644,1,pending_context_screening,unreviewed,pending_screening,Manual screening required,not_checked
2021A&A...654A.142C,2021,MUSE observations of the blue compact dwarf galaxy Haro 14. Data analysis and first results on morphology and stellar populations,"Cairós, L. M.",10.1051/0004-6361/202140396,1,pending_context_screening,unreviewed,pending_screening,Manual screening required,not_checked
2021ARA&A..59...59B,2021,Microarcsecond Astrometry: Science Highlights from Gaia,"Brown, Anthony G. A.",10.1146/annurev-astro-112320-035628,0,pending_context_screening,unreviewed,pending_screening,Manual screening required,not_checked
2021ApJ...908...30K,2021,Radiation Hydrodynamics of Turbulent H II Regions in Molecular Clouds: A Physical Origin of LyC Leakage and the Associated Lyα Spectra,"Kakiichi, Koki",10.3847/1538-4357/abc2d9,1,pending_context_screening,unreviewed,pending_screening,Manual screening required,not_checked
2021ApJ...908...61K,2021,Revisiting the Integrated Star Formation Law. II. Starbursts and the Combined Global Schmidt Law,"Kennicutt, Robert C., Jr.",10.3847/1538-4357/abd3a2,1,pending_context_screening,unreviewed,pending_screening,Manual screening required,not_checked
2021ApJ...908L..54K,2021,On the Contribution of the X-Ray Source to the Extended Nebular He II Emission in IZW18,"Kehrig, C.",10.3847/2041-8213/abe41b,1,pending_context_screening,unreviewed,pending_screening,Manual screening required,not_checked
2021ApJ...909...52M,2021,Gamma-Ray Absorption by the Cosmic Lyman Continuum from Star-forming Galaxies,"Malkan, Matthew A.",10.3847/1538-4357/abda3f,1,pending_context_screening,unreviewed,pending_screening,Manual screening required,not_checked
2021ApJ...909...92M,2021,Lyman Continuum Emission Escaping from Luminous Green Pea Galaxies at z = 0.5,"Malkan, Matthew A.",10.3847/1538-4357/abd84e,1,pending_context_screening,unreviewed,pending_screening,Manual screening required,not_checked
2021ApJ...911...62S,2021,Reaching the Oldest Stars beyond the Local Group: Ancient Star Formation in UGC 4483,"Sacchi, Elena",10.3847/1538-4357/abea16,1,pending_context_screening,unreviewed,pending_screening,Manual screening required,not_checked
2021ApJ...911L..17R,2021,Keck Cosmic Web Imager Observations of He II Emission in I Zw 18,"Rickards Vaught, Ryan J.",10.3847/2041-8213/abf09b,1,pending_context_screening,unreviewed,pending_screening,Manual screening required,not_checked
2021ApJ...912...89K,2021,Clumpy Star Formation and AGN Activity in the Dwarf-Dwarf Galaxy Merger Mrk 709,"Kimbro, Erin",10.3847/1538-4357/abec6a,1,pending_context_screening,unreviewed,pending_screening,Manual screening required,not_checked
2021ApJ...912..155O,2021,"The Source of Leaking Ionizing Photons from Haro11: Clues from HST/COS Spectroscopy of Knots A, B, and C","Östlin, Göran",10.3847/1538-4357/abf1e8,1,pending_context_screening,unreviewed,pending_screening,Manual screening required,not_checked
2021ApJ...912L..22C,2021,An Old Stellar Population or Diffuse Nebular Continuum Emission Discovered in Green Pea Galaxies,"Clarke, Leonardo",10.3847/2041-8213/abf7cc,1,pending_context_screening,unreviewed,pending_screening,Manual screening required,not_checked
2021ApJ...914...16H,2021,NGC 5128 Globular Cluster Candidates Out to 150 kpc: A Comprehensive Catalog from Gaia and Ground-based Data,"Hughes, Allison K.",10.3847/1538-4357/abf63c,1,pending_context_screening,unreviewed,pending_screening,Manual screening required,not_checked
2021ApJ...918...76C,2021,Toward a More Complex Understanding of Natal Super Star Clusters with Multiwavelength Observations,"Costa, Allison H.",10.3847/1538-4357/ac0e93,1,pending_context_screening,unreviewed,pending_screening,Manual screening required,not_checked
2021ApJ...918...88M,2021,Resolved Dwarf Galaxy Searches within  5 Mpc with the Vera Rubin Observatory and Subaru Hyper Suprime-Cam,"Mutlu-Pakdil, Burçin",10.3847/1538-4357/ac0db8,1,pending_context_screening,unreviewed,pending_screening,Manual screening required,not_checked
2021ApJ...921..130M,2021,Local Analogs to High-redshift Galaxies. I. Characterization of Dust Emission and Star Formation History,"Motiño Flores, Skarleth M.",10.3847/1538-4357/ac18cc,1,pending_context_screening,unreviewed,pending_screening,Manual screening required,not_checked
2021ApJ...921L...9B,2021,The Tail of Late-forming Dwarf Galaxies in ΛCDM,"Benitez-Llambay, Alejandro",10.3847/2041-8213/ac3006,1,pending_context_screening,unreviewed,pending_screening,Manual screening required,not_checked
2021ApJ...923....9M,2021,Dwarf Galaxies in the MATLAS Survey: Hubble Space Telescope Observations of the Globular Cluster System in the Ultra-diffuse Galaxy MATLAS-2019,"Müller, Oliver",10.3847/1538-4357/ac2831,1,pending_context_screening,unreviewed,pending_screening,Manual screening required,not_checked
2021ApJS..253...38L,2021,Revisiting the Fundamental Parameters of 49 New Star Clusters in Gaia DR2,"Li, Zhongmu",10.3847/1538-4365/abeb68,1,pending_context_screening,unreviewed,pending_screening,Manual screening required,not_checked
2021ApJS..253...39W,2021,The Hα Dots Survey. IV. A Fourth List of Faint Emission-line Objects,"Watkins, Joseph D.",10.3847/1538-4365/abdf4b,1,pending_context_screening,unreviewed,pending_screening,Manual screening required,not_checked
2021AstL...47..674K,2021,Determination of H II Region Metallicity in the Context of Estimating the Primordial Helium Abundance,"Kurichin, O. A.",10.1134/S1063773721100054,0,pending_context_screening,unreviewed,pending_screening,Manual screening required,not_checked
2021JCAP...03..003F,2021,Dark matter annihilation in the most luminous and the most massive ultra-compact dwarf galaxies (UCD),"Fortes, Elaine C. F. S.",10.1088/1475-7516/2021/03/003,0,pending_object_data_screening,unreviewed,pending_screening,Manual screening required,not_checked
2021MNRAS.501.1852M,2021,Contribution of stripped nuclei to the ultracompact dwarf galaxy population in the Virgo cluster,"Mayes, Rebecca J.",10.1093/mnras/staa3731,1,pending_object_data_screening,unreviewed,pending_screening,Manual screening required,not_checked
2021MNRAS.502.3045K,2021,A new determination of the primordial helium abundance using the analyses of H II region spectra from SDSS,"Kurichin, O. A.",10.1093/mnras/stab215,1,pending_context_screening,unreviewed,pending_screening,Manual screening required,not_checked
2021MNRAS.502.5185M,2021,Do ultracompact dwarf galaxies form monolithically or as merged star cluster complexes?,"Mahani, Hamidreza",10.1093/mnras/stab330,1,pending_object_data_screening,unreviewed,pending_screening,Manual screening required,not_checked
2021MNRAS.503.3931T,2021,"Core-collapse, superluminous, and gamma-ray burst supernova host galaxy populations at low redshift: the importance of dwarf and starbursting galaxies","Taggart, K.",10.1093/mnras/stab174,1,pending_context_screening,unreviewed,pending_screening,Manual screening required,not_checked
2021MNRAS.504.3580S,2021,Ultra-compact dwarfs beyond the centre of the Fornax galaxy cluster: hints of UCD formation in low-density environments,"Saifollahi, Teymoor",10.1093/mnras/stab1118,1,pending_object_data_screening,unreviewed,pending_screening,Manual screening required,not_checked
2021MNRAS.506.2459M,2021,Testing the tidal stripping scenario of ultracompact dwarf galaxy formation by using internal properties,"Mayes, Rebecca J.",10.1093/mnras/stab1864,1,pending_object_data_screening,unreviewed,pending_screening,Manual screening required,not_checked
2021MNRAS.506.4702F,2021,A search for active galactic nuclei in low-mass compact galaxies,"Ferré-Mateu, A.",10.1093/mnras/stab1915,1,pending_object_data_screening,unreviewed,pending_screening,Manual screening required,not_checked
2021arXiv211114993L,2021,A new method to detect globular clusters with the S-PLUS survey,"Luísa Buzzo, Maria",10.48550/arXiv.2111.14993,0,pending_context_screening,unreviewed,pending_screening,Manual screening required,not_checked
2021sf2a.conf..447L,2021,Extragalactic Globular Clusters with Euclid and other wide surveys,"Lançon, A.",10.48550/arXiv.2110.13783,0,pending_context_screening,unreviewed,pending_screening,Manual screening required,not_checked
2022A&A...657A..94N,2022,The Fornax Cluster VLT Spectroscopic Survey. IV. Cold kinematical substructures in the Fornax core from COSTA,"Napolitano, N. R.",10.1051/0004-6361/202141872,1,pending_object_data_screening,unreviewed,pending_screening,Manual screening required,not_checked
2022A&A...661A..44S,2022,A first eROSITA view of ultracool dwarfs,"Stelzer, B.",10.1051/0004-6361/202141232,1,pending_context_screening,unreviewed,pending_screening,Manual screening required,not_checked
2022A&A...664A.167S,2022,Photometric properties of nuclear star clusters and their host galaxies in the Fornax cluster,"Su, Alan H.",10.1051/0004-6361/202142593,1,pending_object_data_screening,unreviewed,pending_screening,Manual screening required,not_checked
2022A&A...666A.159G,2022,Chemical composition of the young massive cluster NGC 1569-B,"Gvozdenko, A.",10.1051/0004-6361/202243415,1,pending_context_screening,unreviewed,pending_screening,Manual screening required,not_checked
2022A&C....3900555M,2022,Detection of extragalactic Ultra-compact dwarfs and Globular Clusters using Explainable AI techniques,"Mohammadi, M.",10.1016/j.ascom.2022.100555,0,pending_object_data_screening,unreviewed,pending_screening,Manual screening required,not_checked
2022ApJ...926..149W,2022,The Color Gradients of the Globular Cluster Systems in M87 and M49,"Wu, Yiming",10.3847/1538-4357/ac45fe,1,pending_context_screening,unreviewed,pending_screening,Manual screening required,not_checked
2022ApJ...927..212F,2022,X-Ray Emission from Star-cluster Winds in Starburst Galaxies,"Franeck, Annika",10.3847/1538-4357/ac4fc2,1,pending_context_screening,unreviewed,pending_screening,Manual screening required,not_checked
2022ApJ...929...50P,2022,Unveiling an Old Disk around a Massive Young Leaking Blueberry in SDSS-IV MaNGA,"Paswan, Abhishek",10.3847/1538-4357/ac5c4b,1,pending_context_screening,unreviewed,pending_screening,Manual screening required,not_checked
2022ApJ...929..147D,2022,A Population of Luminous Globular Clusters and Stripped Nuclei with Elevated Mass to Light Ratios around NGC 5128,"Dumont, Antoine",10.3847/1538-4357/ac551c,1,nearby_reference_data,high,retrieve_data,Cen A spectroscopy and dynamical measurements with VizieR data,retrieved_vizier
2022ApJ...930..105S,2022,Direct Constraints on the Extremely Metal-poor Massive Stars Underlying Nebular C IV Emission from Ultra-deep HST/COS Ultraviolet Spectroscopy,"Senchyna, Peter",10.3847/1538-4357/ac5d38,1,pending_context_screening,unreviewed,pending_screening,Manual screening required,not_checked
2022ApJ...934...73A,2022,Beyond the Local Volume. II. Population Scaleheights and Ages of Ultracool Dwarfs in Deep HST/WFC3 Parallel Fields,"Aganze, Christian",10.3847/1538-4357/ac7053,1,pending_context_screening,unreviewed,pending_screening,Manual screening required,not_checked
2022ApJ...934L..35C,2022,Discovery of a Bimodal Environmental Distribution of Compact Ellipticals in the Local Universe,"Chen, Guangwen",10.3847/2041-8213/ac8354,1,pending_context_screening,unreviewed,pending_screening,Manual screening required,not_checked
2022ApJ...938...96J,2022,MaNGA 8313-1901: Gas Accretion Observed in a Blue Compact Dwarf Galaxy?,"Ju, Mengting",10.3847/1538-4357/ac9056,1,pending_context_screening,unreviewed,pending_screening,Manual screening required,not_checked
2022ApJ...939...74K,2022,Tracing the Giant Outer Halo of the Mysterious Massive Disk Galaxy M104. I. Photometry of the Extended Globular Cluster Systems,"Kang, Jisu",10.3847/1538-4357/ac9670,1,pending_context_screening,unreviewed,pending_screening,Manual screening required,not_checked
2022ApJ...939..118K,2022,A Deep View into the Nucleus of the Sagittarius Dwarf Spheroidal Galaxy with MUSE. III. Discrete Multicomponent Population-dynamical Models Based on the Jeans Equations,"Kacharov, Nikolay",10.3847/1538-4357/ac9280,1,pending_context_screening,unreviewed,pending_screening,Manual screening required,not_checked
2022ApJ...941...19P,2022,Mapping Dark Matter with Extragalactic Stellar Streams: The Case of Centaurus A,"Pearson, Sarah",10.3847/1538-4357/ac9bfb,1,pending_context_screening,unreviewed,pending_screening,Manual screening required,not_checked
2022ApJ...941..157E,2022,"Hubble Space Telescope Observations of Tadpole Galaxies Kiso3867, SBS0, SBS1, and UM461","Elmegreen, Debra Meloy",10.3847/1538-4357/aca3a9,1,pending_context_screening,unreviewed,pending_screening,Manual screening required,not_checked
2022ApJS..259...19L,2022,LISC Catalog of Star Clusters. I. Galactic Disk Clusters in Gaia EDR3,"Li, Zhongmu",10.3847/1538-4365/ac3c49,1,pending_context_screening,unreviewed,pending_screening,Manual screening required,not_checked
2022EPJC...82..935L,2022,DHOST gravity in ultra-diffuse galaxies ─ part I: the case of NGC1052-DF2,"Laudato, Enrico",10.1140/epjc/s10052-022-10901-0,1,pending_context_screening,unreviewed,pending_screening,Manual screening required,not_checked
2022MNRAS.510.1383B,2022,A new method to detect globular clusters with the S-PLUS survey,"Buzzo, Maria Luisa",10.1093/mnras/stab3489,1,pending_context_screening,unreviewed,pending_screening,Manual screening required,not_checked
2022MNRAS.514..943B,2022,Using machine learning to identify extragalactic globular cluster candidates from ground-based photometric surveys of M87,"Barbisan, Emilia",10.1093/mnras/stac1396,1,pending_context_screening,unreviewed,pending_screening,Manual screening required,not_checked
2022MNRAS.515...48P,2022,New globular cluster candidates in the M81 group,"Pan, Jiaming",10.1093/mnras/stac1638,1,pending_context_screening,unreviewed,pending_screening,Manual screening required,not_checked
2022MNRAS.516.1320C,2022,J-PLUS: a catalogue of globular cluster candidates around the M 81/M 82/NGC 3077 triplet of galaxies,"Chies-Santos, Ana L.",10.1093/mnras/stac2002,1,pending_context_screening,unreviewed,pending_screening,Manual screening required,not_checked
2022MNRAS.516L..81T,2022,Optical spectroscopy of the extremely metal-deficient star-forming galaxy HSC J1631+4426: a test of the strong-line method,"Thuan, T. X.",10.1093/mnrasl/slac095,1,pending_context_screening,unreviewed,pending_screening,Manual screening required,not_checked
2022Univ....8..154D,2022,Warm Dark Matter Galaxies with Central Supermassive Black Holes,"de Vega, Hector J.",10.3390/universe8030154,0,pending_object_data_screening,unreviewed,pending_screening,Manual screening required,not_checked
2023A&A...669A..73B,2023,A Virgo Environmental Survey Tracing Ionised Gas Emission (VESTIGE). XIV. Main-sequence relation in a rich environment down to M<SUB>star</SUB> ≃ 10<SUP>6</SUP> M<SUB>☉</SUB>,"Boselli, A.",10.1051/0004-6361/202244267,1,pending_object_data_screening,unreviewed,pending_screening,Manual screening required,not_checked
2023A&A...670A..18O,2023,The globular cluster system of the nearest Seyfert II galaxy Circinus,"Obasi, C.",10.1051/0004-6361/202243154,1,pending_object_data_screening,unreviewed,pending_screening,Manual screening required,not_checked
2023A&A...674A..39G,2023,Gaia Data Release 3. A golden sample of astrophysical parameters,Gaia Collaboration,10.1051/0004-6361/202243800,1,pending_context_screening,unreviewed,pending_screening,Manual screening required,not_checked
2023A&A...675A..18T,2023,Effect of the initial mass function on the dynamical SMBH mass estimate in the nucleated early-type galaxy FCC 47,"Thater, Sabine",10.1051/0004-6361/202245362,1,pending_context_screening,unreviewed,pending_screening,Manual screening required,not_checked
2023A&A...676A..33H,2023,Radial velocities and stellar population properties of 56 MATLAS dwarf galaxies observed with MUSE,"Heesters, Nick",10.1051/0004-6361/202346441,1,pending_context_screening,unreviewed,pending_screening,Manual screening required,not_checked
2023AJ....166...81S,2023,The Star Formation Across Cosmic Time (SFACT) Survey. I. Survey Description and Early Results from a New Narrowband Emission-line Galaxy Survey,"Salzer, John J.",10.3847/1538-3881/ace443,1,pending_context_screening,unreviewed,pending_screening,Manual screening required,not_checked
2023AJ....166..101S,2023,The Star Formation Across Cosmic Time (SFACT) Survey. II. The First Catalog from a New Narrowband Survey for Emission-line Objects,"Sieben, Jennifer",10.3847/1538-3881/ace82e,1,pending_context_screening,unreviewed,pending_screening,Manual screening required,not_checked
2023AJ....166..102C,2023,The Star Formation Across Cosmic Time (SFACT) Survey. III. Spectroscopy of the Initial Catalog of Emission-line Objects,"Carr, David J.",10.3847/1538-3881/ace95f,1,pending_context_screening,unreviewed,pending_screening,Manual screening required,not_checked
2023ApJ...942L..14R,2023,Finding Peas in the Early Universe with JWST,"Rhoads, James E.",10.3847/2041-8213/acaaaf,1,pending_context_screening,unreviewed,pending_screening,Manual screening required,not_checked
2023ApJ...945..140R,2023,The Discovery of Blue-cored Dwarf Early-type Galaxies in Isolated Environments,"Rey, Soo-Chang",10.3847/1538-4357/acbc1c,1,pending_context_screening,unreviewed,pending_screening,Manual screening required,not_checked
2023ApJ...945L..35L,2023,Keck Integral-field Spectroscopy of M87 Reveals an Intrinsically Triaxial Galaxy and a Revised Black Hole Mass,"Liepold, Emily R.",10.3847/2041-8213/acbbcf,1,pending_context_screening,unreviewed,pending_screening,Manual screening required,not_checked
2023ApJ...947...34H,2023,"New Velocity Measurements of NGC 5128 Globular Clusters Out to 130 kpc: Outer Halo Kinematics, Substructure, and Dynamics","Hughes, Allison K.",10.3847/1538-4357/acbf43,1,pending_context_screening,unreviewed,pending_screening,Manual screening required,not_checked
2023ApJ...949..116C,2023,A Tale of Three Dwarfs: No Extreme Cluster Formation in Extreme Star-forming Galaxies,"Chandar, Rupali",10.3847/1538-4357/acc93b,1,pending_context_screening,unreviewed,pending_screening,Manual screening required,not_checked
2023ApJ...951..138L,2023,Low-metallicity Galaxies from the Dark Energy Survey,"Lin, Yu-Heng",10.3847/1538-4357/acd181,1,pending_context_screening,unreviewed,pending_screening,Manual screening required,not_checked
2023ApJ...954..206W,2023,Searching for New Globular Clusters in M31 with Gaia EDR3,"Wang, Yilun",10.3847/1538-4357/ace963,1,methodology_or_contaminant,medium,context_only,"M31 globular-cluster search methodology, not positive UCD reference data",local_package_present
2023ApJS..265....3L,2023,LISC Catalog of Star Clusters. II. High Galactic Latitude Open Clusters in Gaia EDR3,"Li, Zhongmu",10.3847/1538-4365/acaf7d,1,pending_context_screening,unreviewed,pending_screening,Manual screening required,not_checked
2023BAAA...64..262E,2023,Primer análisis espectroscópico del sistema de cúmulos globulares de NGC 4546,"Escudero, C. G.",,1,pending_context_screening,unreviewed,pending_screening,Manual screening required,not_checked
2023EPJC...83..402L,2023,DHOST gravity in ultra-diffuse galaxies—Part II: NGC 1052-DF4 and Dragonfly 44,"Laudato, Enrico",10.1140/epjc/s10052-023-11564-1,0,pending_context_screening,unreviewed,pending_screening,Manual screening required,not_checked
2023Galax..12....1K,2023,Formation of Transitional cE/UCD Galaxies through Massive/Dwarf Disc Galaxy Mergers,"Khoperskov, Alexander V.",10.3390/galaxies12010001,0,pending_object_data_screening,unreviewed,pending_screening,Manual screening required,not_checked
2023MNRAS.518.3746B,2023,Gaia DR3 and nearby galaxies: where do foregrounds matter?,"Barmby, P.",10.1093/mnras/stac3289,1,pending_context_screening,unreviewed,pending_screening,Manual screening required,not_checked
2023MNRAS.520.2593L,2023,MOCCA-Survey Database: extra galactic globular clusters - III. The population of black holes in Milky Way and Andromeda-like galaxies,"Leveque, A.",10.1093/mnras/stad240,1,pending_context_screening,unreviewed,pending_screening,Manual screening required,not_checked
2023MNRAS.520.3576F,2023,The resolved chemical composition of the starburst dwarf galaxy CGCG007-025: direct method versus photoionization model fitting,"Fernández, V.",10.1093/mnras/stad198,1,pending_context_screening,unreviewed,pending_screening,Manual screening required,not_checked
2023MNRAS.520.4953C,2023,Forming blue compact dwarf galaxy through mergers,"Chhatkuli, Daya Nidhi",10.1093/mnras/stac3700,1,pending_context_screening,unreviewed,pending_screening,Manual screening required,not_checked
2023MNRAS.521.4009C,2023,New dwarf galaxy candidates in the sphere of influence of the Local Volume spiral galaxy NGC2683,"Crosby, Ethan",10.1093/mnras/stad645,1,pending_context_screening,unreviewed,pending_screening,Manual screening required,not_checked
2023MNRAS.522.1726V,2023,Stellar cluster formation in a Milky Way-sized galaxy at z &gt; 4 - I. The proto-globular cluster population and the imposter amongst us,"van Donkelaar, Floor",10.1093/mnras/stad946,1,pending_context_screening,unreviewed,pending_screening,Manual screening required,not_checked
2023MNRAS.523.3848C,2023,GMRT H I mapping of mid-infrared bright blue compact dwarf galaxies W1016+3754 and W2326+0608,"Chandola, Y.",10.1093/mnras/stad1618,1,pending_context_screening,unreviewed,pending_screening,Manual screening required,not_checked
2023MNRAS.526.2696H,2023,JWST photometry of globular cluster populations in Abell 2744 at z = 0.3,"Harris, William E.",10.1093/mnras/stad2903,1,pending_object_data_screening,unreviewed,pending_screening,Manual screening required,not_checked
2023MNRAS.526L..26B,2023,A model for GN-z11: top-heavy stellar initial mass functions in forming galactic nuclei and ultra-compact dwarfs,"Bekki, Kenji",10.1093/mnrasl/slad108,1,pending_object_data_screening,unreviewed,pending_screening,Manual screening required,not_checked
2023MNRAS.526L.136P,2023,The creation of a massive UCD by tidal threshing from NGC 936,"Paudel, Sanjaya",10.1093/mnrasl/slad126,1,nearby_reference_data,high,retrieve_data,Spectroscopic and structural evidence for NGC 936_UCD,not_in_vizier_as_of_2026-07-14
2023Natur.623..255F,2023,Ultra-compact oddities are galaxies stripped of stars,"Fahrion, Katja",10.1038/d41586-023-03275-0,1,pending_object_data_screening,unreviewed,pending_screening,Manual screening required,not_checked
2023Natur.623..296W,2023,An evolutionary continuum from nucleated dwarf galaxies to star clusters,"Wang, Kaixiang",10.1038/s41586-023-06650-z,1,nearby_reference_data,high,retrieve_data,Virgo transition objects with object-level morphology evidence,not_in_vizier_as_of_2026-07-14
2023PASP..135g4201U,2023,Rubin Observatory LSST Stars Milky Way and Local Volume Star Clusters Roadmap,"Usher, Christopher",10.1088/1538-3873/ace3f7,1,pending_context_screening,unreviewed,pending_screening,Manual screening required,not_checked
2023Univ....9..138A,2023,Quiescent and Active Galactic Nuclei as Factories of Merging Compact Objects in the Era of Gravitational Wave Astronomy,"Arca Sedda, Manuel",10.3390/universe9030138,0,pending_context_screening,unreviewed,pending_screening,Manual screening required,not_checked
2024A&A...681A..46V,2024,Total mass slopes and enclosed mass constrained by globular cluster system dynamics,"Veršič, Tadeja",10.1051/0004-6361/202347413,1,pending_context_screening,unreviewed,pending_screening,Manual screening required,not_checked
2024A&A...682A.174M,2024,Homogeneous fine classification of Markarian galaxies based on SDSS medium-resolution spectroscopy,"Mickaelian, A. M.",10.1051/0004-6361/202347148,1,pending_context_screening,unreviewed,pending_screening,Manual screening required,not_checked
2024A&A...684A.157M,2024,Once in a blue stream. Detection of recent star formation in the NGC 7241 stellar stream with MEGARA,"Martínez-Delgado, David",10.1051/0004-6361/202244350,1,pending_context_screening,unreviewed,pending_screening,Manual screening required,not_checked
2024A&A...685A...6R,2024,Near-infrared spectroscopic characterisation of Gaia ultra-cool dwarf candidates. Spectral types and peculiarities,"Ravinet, T.",10.1051/0004-6361/202347954,1,pending_context_screening,unreviewed,pending_screening,Manual screening required,not_checked
2024A&A...685A.132D,2024,Investigating the dark matter halo of NGC 5128 using a discrete dynamical model,"Dumont, Antoine",10.1051/0004-6361/202347243,1,pending_context_screening,unreviewed,pending_screening,Manual screening required,not_checked
2024A&A...686A.171Z,2024,Reconnaissance ultracool spectra in the Euclid Deep Fields,"Zhang, J.-Y.",10.1051/0004-6361/202348769,1,pending_context_screening,unreviewed,pending_screening,Manual screening required,not_checked
2024A&A...687A..77A,2024,Unraveling the kinematics of IZw18: A detailed study of ionized gas with MEGARA/GTC,"Arroyo-Polonio, A.",10.1051/0004-6361/202449606,1,pending_context_screening,unreviewed,pending_screening,Manual screening required,not_checked
2024A&A...687A..80V,2024,Shapes of dark matter haloes with discrete globular cluster dynamics: The example of NGC 5128 (Centaurus A),"Veršič, T.",10.1051/0004-6361/202349097,1,pending_context_screening,unreviewed,pending_screening,Manual screening required,not_checked
2024A&A...687A..95M,2024,Transitions in magnetic behavior at the substellar boundary,"Magaudda, E.",10.1051/0004-6361/202449403,1,pending_context_screening,unreviewed,pending_screening,Manual screening required,not_checked
2024A&A...687A.131D,2024,What drives the corpulence of galaxies?. I. The formation of central compact dwarf galaxies in TNG50,"De Almeida, Abhner Pinto",10.1051/0004-6361/202449939,0,pending_context_screening,unreviewed,pending_screening,Manual screening required,not_checked
2024A&A...689A..34V,2024,Efficiency of black hole formation via collisions in stellar systems: Data analysis from simulations and observations,"Vergara, M. C.",10.1051/0004-6361/202449967,1,pending_object_data_screening,unreviewed,pending_screening,Manual screening required,not_checked
2024A&A...692A..51S,2024,High-resolution HI mapping of nearby extremely metal-poor blue compact dwarf galaxies,"Scott, Tom C.",10.1051/0004-6361/202452200,1,pending_context_screening,unreviewed,pending_screening,Manual screening required,not_checked
2024AJ....167..277W,2024,Searching for Hypercompact Star Clusters in the Milky Way Using LAMOST and Gaia,"Wu, Hao",10.3847/1538-3881/ad3e6b,1,pending_context_screening,unreviewed,pending_screening,Manual screening required,not_checked
2024AJ....168...23H,2024,Imaging of I Zw 18 by JWST. I. Detecting Dusty Stellar Populations,"Hirschauer, Alec S.",10.3847/1538-3881/ad4967,1,pending_context_screening,unreviewed,pending_screening,Manual screening required,not_checked
2024AJ....168...45K,2024,Properties of Nuclear Star Clusters in Low Surface Brightness Galaxies,"Khim, Donghyeon J.",10.3847/1538-3881/ad4ed3,1,pending_context_screening,unreviewed,pending_screening,Manual screening required,not_checked
2024AN....34530081R,2024,The isolated elliptical galaxy NGC 5812-MOND or dark matter?,"Richtler, Tom",10.1002/asna.20230081,1,pending_context_screening,unreviewed,pending_screening,Manual screening required,not_checked
2024ARep...68..978T,2024,Destruction of Open Star Clusters and the Radius─Mass Relationship,"Tutukov, A. V.",10.1134/S1063772924700896,0,pending_context_screening,unreviewed,pending_screening,Manual screening required,not_checked
2024ApJ...965...95C,2024,A Tale of Three Dwarfs: Cluster-based Star Formation Histories of Blue Compact Dwarf Galaxies,"Chandar, Rupali",10.3847/1538-4357/ad293a,1,pending_context_screening,unreviewed,pending_screening,Manual screening required,not_checked
2024ApJ...966...92S,2024,GN-z11 in Context: Possible Signatures of Globular Cluster Precursors at Redshift 10,"Senchyna, Peter",10.3847/1538-4357/ad235e,1,pending_context_screening,unreviewed,pending_screening,Manual screening required,not_checked
2024ApJ...966..168L,2024,The Next Generation Virgo Cluster Survey (NGVS). XXVII. The Size and Structure of Globular Cluster Systems and Their Connection to Dark Matter Halos,"Lim, Sungsoon",10.3847/1538-4357/ad3444,1,pending_context_screening,unreviewed,pending_screening,Manual screening required,not_checked
2024ApJ...966..190M,2024,Resolving the Mechanical and Radiative Feedback in J1044+0353 with Keck Cosmic Web Imager Spectral Mapping,"Martin, Crystal L.",10.3847/1538-4357/ad34ac,1,pending_context_screening,unreviewed,pending_screening,Manual screening required,not_checked
2024ApJ...968...18C,2024,Identification and Quenching of Nugget Galaxies in the RESOLVE Survey at z = 0,"Carr, Derrick S.",10.3847/1538-4357/ad3ded,1,pending_context_screening,unreviewed,pending_screening,Manual screening required,not_checked
2024ApJ...968...36K,2024,X-Rays from the Nearby Compact Emission-line Galaxy NGC 2366,"Kaaret, Philip",10.3847/1538-4357/ad4ed0,1,pending_context_screening,unreviewed,pending_screening,Manual screening required,not_checked
2024ApJ...968...98A,2024,"CLASSY. IX. The Chemical Evolution of the Ne, S, Cl, and Ar Elements","Arellano-Córdova, Karla Z.",10.3847/1538-4357/ad34cf,1,pending_context_screening,unreviewed,pending_screening,Manual screening required,not_checked
2024ApJ...969...59J,2024,Formation Pathways of the Compact Stellar Systems,"Jang, J. K.",10.3847/1538-4357/ad4d8a,0,pending_object_data_screening,unreviewed,pending_screening,Manual screening required,not_checked
2024ApJ...969...95Y,2024,The Variation in the Galaxy-wide Initial Mass Function for Low-mass Stars: Modeling and Observational Insights,"Yan, Zhiqiang",10.3847/1538-4357/ad499d,1,pending_context_screening,unreviewed,pending_screening,Manual screening required,not_checked
2024ApJ...970....8Y,2024,Possible Supercritical Accretion on the Ultraluminous X-Ray Source in the Metal-poor Galaxy I Zw 18,"Yoshimoto, Marina",10.3847/1538-4357/ad4e34,1,pending_context_screening,unreviewed,pending_screening,Manual screening required,not_checked
2024ApJ...971..123D,2024,Identification of Intermediate-mass Black Hole Candidates among a Sample of Sd Galaxies,"Davis, Benjamin L.",10.3847/1538-4357/ad55eb,1,pending_context_screening,unreviewed,pending_screening,Manual screening required,not_checked
2024ApJ...972L..24P,2024,An Accreting Supermassive Black Hole Buried in a Faint Dwarf Galaxy,"Paswan, Abhishek",10.3847/2041-8213/ad7388,1,pending_object_data_screening,unreviewed,pending_screening,Manual screening required,not_checked
2024ApJ...973..173A,2024,Mapping Multiphase Metals in Star-forming Galaxies: A Spatially Resolved UV+Optical Study of NGC 5253,"Abril-Melgarejo, Valentina",10.3847/1538-4357/ad5e79,1,pending_context_screening,unreviewed,pending_screening,Manual screening required,not_checked
2024ApJ...974...60T,2024,The Lower Limit of Dynamical Black Hole Masses Detectable in Virgo Compact Stellar Systems Using the JWST/NIRSpec IFU,"Tahmasebzadeh, Behzad",10.3847/1538-4357/ad6a1b,1,pending_object_data_screening,unreviewed,pending_screening,Manual screening required,not_checked
2024ApJ...977L...2L,2024,Black Hole Scaling Relations in the Dwarf-galaxy Regime with Gaia-Sausage/Enceladus and ωCentauri,"Limberg, Guilherme",10.3847/2041-8213/ad9384,1,pending_context_screening,unreviewed,pending_screening,Manual screening required,not_checked
2024ApJ...977L...8C,2024,FAST H I 21 cm Study of Blueberry Galaxies,"Chandola, Yogesh",10.3847/2041-8213/ad901c,1,pending_context_screening,unreviewed,pending_screening,Manual screening required,not_checked
2024ApJ...977L...9Z,2024,ALMA Detection of [O III] 88 μm at z = 12.33: Exploring the Nature and Evolution of GHZ2 as a Massive Compact Stellar System,"Zavala, Jorge A.",10.3847/2041-8213/ad8f38,1,pending_context_screening,unreviewed,pending_screening,Manual screening required,not_checked
2024ApJ...977L..13B,2024,"The Small Sizes and High Implied Densities of ""Little Red Dots"" with Balmer Breaks Could Explain Their Broad Emission Lines without an Active Galactic Nucleus","Baggen, Josephine F. W.",10.3847/2041-8213/ad90b8,1,pending_object_data_screening,unreviewed,pending_screening,Manual screening required,not_checked
2024AstL...50..807K,2024,An Improved Photoionization Model for Analysis of H II Region Spectra for the Determination of Primordial <inline-formula><tex-math>{}(\boldsymbol{4}) </tex-math></inline-formula>He Abundance,"Kurichin, O. A.",10.1134/S1063773725700070,0,pending_context_screening,unreviewed,pending_screening,Manual screening required,not_checked
2024MNRAS.527..603C,2024,"H I content of selected mid-infrared bright, starburst blue compact dwarf galaxies","Chandola, Yogesh",10.1093/mnras/stad3018,1,pending_context_screening,unreviewed,pending_screening,Manual screening required,not_checked
2024MNRAS.527.4643M,2024,The contribution of supermassive black holes in stripped nuclei to the supermassive black hole population of UCDs and galaxy clusters,"Mayes, Rebecca J.",10.1093/mnras/stad3428,1,pending_object_data_screening,unreviewed,pending_screening,Manual screening required,not_checked
2024MNRAS.527.5767B,2024,Measuring distances to galaxies with globular cluster velocity dispersions,"Beasley, Michael A.",10.1093/mnras/stad3541,1,pending_context_screening,unreviewed,pending_screening,Manual screening required,not_checked
2024MNRAS.527.9118C,2024,New dwarf galaxy candidates in the sphere of influence of the Sombrero galaxy,"Crosby, Ethan",10.1093/mnras/stad3741,1,pending_context_screening,unreviewed,pending_screening,Manual screening required,not_checked
2024MNRAS.529.4914P,2024,Origin of the correlation between stellar kinematics and globular cluster system richness in ultradiffuse galaxies,"Pfeffer, Joel",10.1093/mnras/stae850,1,pending_context_screening,unreviewed,pending_screening,Manual screening required,not_checked
2024MNRAS.530.2907A,2024,Beyond the rings: Polar ring galaxy NGC 4262 and its globular cluster system,"Akhil, Krishna R.",10.1093/mnras/stae1061,1,pending_context_screening,unreviewed,pending_screening,Manual screening required,not_checked
2024MNRAS.530.3787S,2024,The S-PLUS Fornax Project (S+FP): A first 12-band glimpse of the Fornax galaxy cluster,"Smith Castelli, A. V.",10.1093/mnras/stae840,1,pending_context_screening,unreviewed,pending_screening,Manual screening required,not_checked
2024MNRAS.534..783J,2024,The PIPER survey. II. The globular cluster systems of low surface brightness galaxies in the Perseus cluster,"Janssens, Steven R.",10.1093/mnras/stae2137,1,pending_context_screening,unreviewed,pending_screening,Manual screening required,not_checked
2024MNRAS.534.1634L,2024,Gravitational waves from mergers of Population III binary black holes: roles played by two evolution channels,"Liu, Boyuan",10.1093/mnras/stae2120,1,pending_context_screening,unreviewed,pending_screening,Manual screening required,not_checked
2024MNRAS.535..299G,2024,"Early-type galaxy speciation: elliptical (E) and ellicular (ES) galaxies in the M<SUB>bh</SUB>-M<SUB>*,sph</SUB> diagram, and a merger-driven explanation for the origin of ES galaxies, antitruncated stellar discs in lenticular (S0) galaxies, and the Sérsicification of E galaxy light profiles","Graham, Alister W.",10.1093/mnras/stae2324,1,pending_object_data_screening,unreviewed,pending_screening,Manual screening required,not_checked
2024PDU....4601579B,2024,Testing non-local gravity through Ultra-Diffuse Galaxies kinematics,"Bouchè, Filippo",10.1016/j.dark.2024.101579,1,pending_context_screening,unreviewed,pending_screening,Manual screening required,not_checked
2024SCPMA..6709811L,2024,Intermediate-mass black holes in Green pea galaxies (IMBH-GP) I: A candidate sample from LAMOST and SDSS,"Lin, Ruqiu",10.1007/s11433-024-2412-3,0,pending_context_screening,unreviewed,pending_screening,Manual screening required,not_checked
2025A&A...693A.251E,2025,Euclid preparation: LVIII. Detecting extragalactic globular clusters in the Euclid survey,Euclid Collaboration,10.1051/0004-6361/202450851,1,pending_context_screening,unreviewed,pending_screening,Manual screening required,not_checked
2025A&A...695A.106T,2025,DES to HSC: Detecting low-surface-brightness galaxies in the Abell 194 cluster using transfer learning,"Thuruthipilly, H.",10.1051/0004-6361/202452934,1,pending_context_screening,unreviewed,pending_screening,Manual screening required,not_checked
2025A&A...696L...3S,2025,Extremely iron-poor O-type stars in the Magellanic Bridge,"Schösser, E. C.",10.1051/0004-6361/202554027,1,pending_context_screening,unreviewed,pending_screening,Manual screening required,not_checked
2025A&A...697A...1E,2025,Euclid: I. Overview of the Euclid mission,Euclid Collaboration,10.1051/0004-6361/202450810,1,pending_context_screening,unreviewed,pending_screening,Manual screening required,not_checked
2025A&A...697A.144B,2025,A new way to measure the distance to NGC1052-DF2,"Beasley, M. A.",10.1051/0004-6361/202452446,1,pending_context_screening,unreviewed,pending_screening,Manual screening required,not_checked
2025A&A...703A...9R,2025,The SRG/eROSITA all-sky survey: View of the Fornax galaxy cluster,"Reiprich, T. H.",10.1051/0004-6361/202554295,1,pending_object_data_screening,unreviewed,pending_screening,Manual screening required,not_checked
2025A&A...703A.184S,2025,Euclid: Early Release Observations ─ Interplay between dwarf galaxies and their globular clusters in the Perseus galaxy cluster,"Saifollahi, T.",10.1051/0004-6361/202554667,1,pending_context_screening,unreviewed,pending_screening,Manual screening required,not_checked
2025A&A...704A.113P,2025,Dwarf galaxies in the MATLAS survey: Hubble Space Telescope observations of nuclear star clusters,"Poulain, Mélina",10.1051/0004-6361/202554845,1,pending_object_data_screening,unreviewed,pending_screening,Manual screening required,not_checked
2025AJ....169..263L,2025,The S-PLUS Fornax Project (S+FP): Mapping Globular Clusters Systems within 5 Virial Radii around NGC 1399,"Lomelí-Núñez, Luis",10.3847/1538-3881/adbf0c,1,pending_context_screening,unreviewed,pending_screening,Manual screening required,not_checked
2025AJ....170..363K,2025,The Next Generation Virgo Cluster Survey (NGVS). XL. The Morphological Classification of Virgo Cluster Galaxies,"Kurzner, Max M.",10.3847/1538-3881/ae1616,1,pending_object_data_screening,unreviewed,pending_screening,Manual screening required,not_checked
2025ApJ...978...55R,2025,Precise Measurements of the LMC Bar's Geometry with Gaia DR3 and a Novel Solution to Crowding-induced Incompleteness in Star Counting,"Rathore, Himansh",10.3847/1538-4357/ad93ae,1,pending_context_screening,unreviewed,pending_screening,Manual screening required,not_checked
2025ApJ...978...93M,2025,The Globular Cluster System of the Virgo Cluster Ultradiffuse Galaxy VCC 615,"Mihos, J. Christopher",10.3847/1538-4357/ad99cd,1,pending_object_data_screening,unreviewed,pending_screening,Manual screening required,not_checked
2025ApJ...978L..44R,2025,Ultradiffuse Dwarf Galaxies Hosting Pseudobulges,"Rong, Yu",10.3847/2041-8213/ad9ea6,1,pending_context_screening,unreviewed,pending_screening,Manual screening required,not_checked
2025ApJ...979...85L,2025,Dependence of Metal Enrichment of Nuclear Star Clusters on Galaxy Stellar Mass,"Lyu, Wenhe",10.3847/1538-4357/ad9b0d,1,pending_context_screening,unreviewed,pending_screening,Manual screening required,not_checked
2025ApJ...979L..33B,2025,Two Channels of Metal-rich Compact Stellar System Formation: Starbursts under High Ram Pressure versus Tidal Stripping,"Bian, Yuan",10.3847/2041-8213/ada912,1,pending_context_screening,unreviewed,pending_screening,Manual screening required,not_checked
2025ApJ...980L..34L,2025,Discovery of Local Analogs to JWST's Little Red Dots,"Lin, Ruqiu",10.3847/2041-8213/adaaf1,1,pending_context_screening,unreviewed,pending_screening,Manual screening required,not_checked
2025ApJ...981...96C,2025,"Compact [O III] Emission-line Regions (""Green Seeds"") in Hα Emitters at Cosmic Noon from JWST Observations","Chen, Nuo",10.3847/1538-4357/adad69,1,pending_object_data_screening,unreviewed,pending_screening,Manual screening required,not_checked
2025ApJ...984..132F,2025,X-Ray Constraints on Wandering Black Holes in Stripped Galaxy Nuclei in the Halo of NGC 5128,"Feyan, Samuel L.",10.3847/1538-4357/adc7b9,1,pending_context_screening,unreviewed,pending_screening,Manual screening required,not_checked
2025ApJ...984..178S,2025,Synchronous and Asynchronous X-Ray Monitoring of FRB 20190520B with the Chandra X-Ray Observatory,"Sydnor, Jessica",10.3847/1538-4357/adc7fd,1,pending_context_screening,unreviewed,pending_screening,Manual screening required,not_checked
2025ApJ...985...25C,2025,Using Machine Learning to Estimate Near-ultraviolet Magnitudes and Probe Quenching Mechanisms of z = 0 Nuggets in the RESOLVE and ECO Surveys,"Carr, Derrick S.",10.3847/1538-4357/adc71b,0,pending_context_screening,unreviewed,pending_screening,Manual screening required,not_checked
2025ApJ...985..253M,2025,Exploring the Mysterious High-ionization Source Powering [Ne V] in High-z Analog SBS0335-052 E with JWST/MIRI,"Mingozzi, Matilde",10.3847/1538-4357/adc996,1,pending_context_screening,unreviewed,pending_screening,Manual screening required,not_checked
2025ApJ...986..208B,2025,Intermediate Mass Ratio Inspirals in Milky Way Galaxies,"Bellovary, Jillian",10.3847/1538-4357/add9a0,1,pending_context_screening,unreviewed,pending_screening,Manual screening required,not_checked
2025ApJ...987...99D,2025,Local Analogs of Primordial Galaxies: In Search of Intermediate-mass Black Holes with JWST NIRSpec,"Doan, Sara",10.3847/1538-4357/adcd59,1,pending_context_screening,unreviewed,pending_screening,Manual screening required,not_checked
2025ApJ...987L..36A,2025,New Clues on the Extended He II Ionization in IZw18 from GTC/MEGARA and JWST/MIRI,"Arroyo-Polonio, A.",10.3847/2041-8213/ade874,1,pending_context_screening,unreviewed,pending_screening,Manual screening required,not_checked
2025ApJ...988....1P,2025,A Wide-field Map of Ultracompact Dwarfs in the Coma Cluster,"Pomeroy, Richard T.",10.3847/1538-4357/addf4a,1,distant_sensitivity_data,medium,retrieve_data,Coma compact-system catalog outside the nearby positive-reference domain,not_in_vizier_as_of_2026-07-14
2025ApJ...988....4J,2025,Local Analogs of Potential Ionizers of the Intergalactic Medium: Compact Star-forming Galaxies with Intense C IV λ1550 Emission,"Jung, Intae",10.3847/1538-4357/adde49,1,pending_context_screening,unreviewed,pending_screening,Manual screening required,not_checked
2025ApJ...988..165K,2025,"Kinematic Confirmation of a Remarkable Linear Trail of Galaxies in the NGC 1052 Field, Consistent with Formation in a High-speed Bullet Dwarf Collision","Keim, Michael A.",10.3847/1538-4357/addfd4,1,pending_context_screening,unreviewed,pending_screening,Manual screening required,not_checked
2025ApJ...989...32Y,2025,Formation Pathways of Compact Elliptical Galaxies: Perspective of Internal Structures,"Yi, Jinwon",10.3847/1538-4357/ade4c3,1,pending_context_screening,unreviewed,pending_screening,Manual screening required,not_checked
2025ApJ...989L..14R,2025,Dark Star Clusters or Ultrafaint Dwarf Galaxies? Revisiting UMa3/U1,"Rostami-Shirazi, Ali",10.3847/2041-8213/adf320,1,pending_context_screening,unreviewed,pending_screening,Manual screening required,not_checked
2025ApJ...989L..42T,2025,A JWST View of the Overmassive Black Hole in NGC 4486B,"Tahmasebzadeh, Behzad",10.3847/2041-8213/adf728,1,pending_context_screening,unreviewed,pending_screening,Manual screening required,not_checked
2025ApJ...990...65H,2025,Spectral Energy Distribution Fitting of Globular Clusters in NGC 4874: Masses and Metallicities,"Hartman, Kate",10.3847/1538-4357/adf7ac,1,pending_context_screening,unreviewed,pending_screening,Manual screening required,not_checked
2025ApJ...990..111R,2025,The Interstellar Medium in I Zw 18 Seen with JWST/MIRI. III. Spatially Resolved Three Ionization State Oxygen Abundance,"Rickards Vaught, Ryan J.",10.3847/1538-4357/adf10f,1,pending_context_screening,unreviewed,pending_screening,Manual screening required,not_checked
2025ApJ...990..131C,2025,Formation of a Nuclear Star Cluster through a Merger Event in the Low-surface-brightness Galaxy AGC 223218,"Cao, Tian-Wen",10.3847/1538-4357/adf559,1,pending_context_screening,unreviewed,pending_screening,Manual screening required,not_checked
2025ApJ...990L..13U,2025,Signature of a Dark Ultracompact Dwarf Galaxy Transiting the Milky Way Disk,"Udagawa, Ken",10.3847/2041-8213/adfa6f,1,pending_object_data_screening,unreviewed,pending_screening,Manual screening required,not_checked
2025ApJ...991....7H,2025,PEARLS: Globular Clusters and Ultracompact Dwarfs in the El Gordo Galaxies at z = 0.87,"Harris, William E.",10.3847/1538-4357/adf8dc,1,pending_object_data_screening,unreviewed,pending_screening,Manual screening required,not_checked
2025ApJ...991...31E,2025,Kinematical Modeling of the Resolved Stellar Outskirts of M32: Constraints on Tidal Stripping Scenarios,"Escala, Ivanna",10.3847/1538-4357/adf63c,1,pending_context_screening,unreviewed,pending_screening,Manual screening required,not_checked
2025ApJ...991...84D,2025,"Euclid Quick Data Release (Q1)—Spectroscopic Search, Classification, and Analysis of Ultracool Dwarfs in the Deep Fields","Dominguez-Tagle, C.",10.3847/1538-4357/adf72d,1,pending_context_screening,unreviewed,pending_screening,Manual screening required,not_checked
2025ApJ...991L..24T,2025,A Supermassive Black Hole in a Diminutive Ultracompact Dwarf Galaxy Discovered with JWST/NIRSpec+IFU,"Taylor, Matthew A.",10.3847/2041-8213/ae028e,1,pending_object_data_screening,unreviewed,pending_screening,Manual screening required,not_checked
2025ApJ...991L..56L,2025,Resolving Emission from Small Dust Grains in the Blue Compact Dwarf II Zw 40 with JWST,"Lai, Thomas S.-Y.",10.3847/2041-8213/ae0467,1,pending_context_screening,unreviewed,pending_screening,Manual screening required,not_checked
2025ApJ...992...44D,2025,Revisiting the Gas Dynamics of Henize 2─10: Possible Drivers of the Starburst,"Dalsin, Josephine M.",10.3847/1538-4357/adf857,1,pending_context_screening,unreviewed,pending_screening,Manual screening required,not_checked
2025ApJ...992...48H,2025,The Interstellar Medium in I Zw 18 Seen with JWST/MIRI. I. Highly Ionized Gas,"Hunt, L. K.",10.3847/1538-4357/adfb69,1,pending_context_screening,unreviewed,pending_screening,Manual screening required,not_checked
2025ApJ...993...84H,2025,The Interstellar Medium in I Zw 18 Seen with JWST/MIRI. II. Warm Molecular Hydrogen and Warm Dust,"Hunt, L. K.",10.3847/1538-4357/ae0191,1,pending_context_screening,unreviewed,pending_screening,Manual screening required,not_checked
2025ApJ...994...96D,2025,Mass Stratification in the Globular Cluster System Revealing the Assembly History of the Nearest S0 Galaxy NGC 3115,"Dou, Haoran",10.3847/1538-4357/ae0cc0,1,pending_context_screening,unreviewed,pending_screening,Manual screening required,not_checked
2025ApJ...995..178P,2025,Different Origins of Nucleated and Nonnucleated Dwarf Elliptical Galaxies: Identified by Deep Learning,"Paudel, Sanjaya",10.3847/1538-4357/ae2097,1,pending_context_screening,unreviewed,pending_screening,Manual screening required,not_checked
2025ApJS..281...66C,2025,H I-detected Dwarf Galaxies in the FASHI Survey: Insights from Single- and Double-peaked Emission-line Samples,"Cheng, Cheng",10.3847/1538-4365/ae1690,1,pending_context_screening,unreviewed,pending_screening,Manual screening required,not_checked
2025IAUS..384....1S,2025,Planetary Nebulae as Probes of Kinematics and Abundances to Trace Galaxy Evolution,"Stanghellini, Letizia",10.1017/S1743921324000073,0,pending_context_screening,unreviewed,pending_screening,Manual screening required,not_checked
2025JKAS...58...93C,2025,SDSS J134313.15+364457.5: Forming Compact Elliptical through the Merger,"Nidhi Chhatkuli, Daya",10.5303/JKAS.2025.58.1.93,0,pending_context_screening,unreviewed,pending_screening,Manual screening required,not_checked
2025MNRAS.540.1235C,2025,A two-phase model of galaxy formation: III. The formation of globular clusters,"Chen, Yangyao",10.1093/mnras/staf791,1,pending_context_screening,unreviewed,pending_screening,Manual screening required,not_checked
2025PASA...42...68G,2025,Dot to dot: High-z little red dots in <inline-formula> <tex-math> M_\mathrm{ bh} </tex-math> </inline-formula>─<inline-formula> <tex-math> M_\mathrm{ \star} </tex-math> </inline-formula> diagrams with galaxy-morphology-specific scaling relations,"Graham, Alister W.",10.1017/pasa.2025.10035,0,pending_object_data_screening,unreviewed,pending_screening,Manual screening required,not_checked
2025PASA...42..109S,2025,Radial velocities and stellar populations for a sample of MATLAS survey dwarfs,"Southon, Kate",10.1017/pasa.2025.10072,0,pending_context_screening,unreviewed,pending_screening,Manual screening required,not_checked
2025PhRvD.112f3008Z,2025,Diversity and universality: Evolution of dwarf galaxies with self-interacting dark matter,"Zeng, Zhichao Carton",10.1103/x9t4-3zy7,0,pending_context_screening,unreviewed,pending_screening,Manual screening required,not_checked
2025arXiv250206981S,2025,WilloWISPs: A New Dark Growth Channel for Black Holes Suggests a Full-Spectrum Hierarchical MACHO Mass Function for Dark Matter,"Smith, Zachary R.",10.48550/arXiv.2502.06981,0,pending_context_screening,unreviewed,pending_screening,Manual screening required,not_checked
2026A&A...705A.117M,2026,Looking into the faintEst WIth MUSE (LEWIS): Exploring the nature of ultra-diffuse galaxies in the Hydra-I cluster: IV. A study of the globular cluster population in four ultra-diffuse galaxies,"Mirabile, Marco",10.1051/0004-6361/202556180,1,pending_object_data_screening,unreviewed,pending_screening,Manual screening required,not_checked
2026A&A...706L...6Z,2026,First direct electron temperature measurement in [O II] zone in I Zw 18,"Zinchenko, I. A.",10.1051/0004-6361/202558046,1,pending_context_screening,unreviewed,pending_screening,Manual screening required,not_checked
2026A&A...707A.356C,2026,X-ray stellar feedback in low-metallicity starbursts: Insights from the template starburst galaxy ESO 338-IG04 and its halo,"Chatzis, M.",10.1051/0004-6361/202557428,1,pending_context_screening,unreviewed,pending_screening,Manual screening required,not_checked
2026A&A...708A.117M,2026,16 new quasars at the end of the reionization unveiled by self-supervised learning,"Martínez-Ramírez, L. N.",10.1051/0004-6361/202557039,1,pending_context_screening,unreviewed,pending_screening,Manual screening required,not_checked
2026A&A...708A.172M,2026,A pearl in the shell: An ultra-compact dwarf within the tidal debris surrounding spiral galaxy NGC 7531,"Martínez-Delgado, David",10.1051/0004-6361/202557294,1,nearby_reference_data,high,retrieve_data,Spectroscopically associated UCD around NGC 7531,not_in_vizier_as_of_2026-07-14
2026A&A...711A..37E,2026,Euclid: Quick Data Release (Q1) ─ A photometric search for ultracool dwarfs in the Euclid Deep Fields,Euclid Collaboration,10.1051/0004-6361/202556980,1,pending_context_screening,unreviewed,pending_screening,Manual screening required,not_checked
2026AJ....171..104L,2026,Discovery of a Double-core Dwarf Galaxy in a Major Wet Merger: MCG+08-16-005,"Lee, Youngdae",10.3847/1538-3881/ae2c5b,1,pending_context_screening,unreviewed,pending_screening,Manual screening required,not_checked
2026AJ....171..108K,2026,A Search for Late-type Brown Dwarfs in the Euclid Quick Data Release 1,"Kiwy, Frank",10.3847/1538-3881/ae2fb7,1,pending_context_screening,unreviewed,pending_screening,Manual screening required,not_checked
2026AJ....171..199B,2026,High-resolution Observations of CO(3─2) in Haro 2: Cool Molecular Outflows of a Lyα Emitter,"Beck, Sara",10.3847/1538-3881/ae4516,1,pending_context_screening,unreviewed,pending_screening,Manual screening required,not_checked
2026ApJ...997..285Z,2026,Radio Counterparts of Ultraluminous X-Ray Sources in Nearby Galaxies,"Zhang, Yijia",10.3847/1538-4357/ae31e4,1,pending_context_screening,unreviewed,pending_screening,Manual screening required,not_checked
2026ApJ...998..213S,2026,Wind-fed Supermassive Black Hole Accretion in the Ultracompact Dwarf Galaxy M60-UCD1,"Su, Zhao",10.3847/1538-4357/ae394c,1,pending_object_data_screening,unreviewed,pending_screening,Manual screening required,not_checked
2026ApJ...998L..45D,2026,JWST/MIRI-MRS View of the Metal-poor Galaxy CGCG 007-025: The Spatial Location of Polycyclic Aromatic Hydrocarbons and Very Highly Ionized Gas,"del Valle-Espinosa, Macarena G.",10.3847/2041-8213/ae43ed,1,pending_context_screening,unreviewed,pending_screening,Manual screening required,not_checked
2026ApJ..1001..218P,2026,When Stars Mimic Monsters: Spectral Evidence for an η Carinae−like Giant Eruption in SBS 0335−052 E,"Peng, Zixuan",10.3847/1538-4357/ae589b,1,pending_context_screening,unreviewed,pending_screening,Manual screening required,not_checked
2026ApJ..1001L..14T,2026,JWST Observations of the Double Nucleus in NGC 4486B: Possible Evidence for a Recent Binary SMBH Merger and Recoil,"Tahmasebzadeh, Behzad",10.3847/2041-8213/ae52ef,1,pending_context_screening,unreviewed,pending_screening,Manual screening required,not_checked
2026ApJ..1002..211P,2026,Evidence for Environmental Stripping in the Coma Cluster,"Pomeroy, Richard T.",10.3847/1538-4357/ae6115,1,pending_context_screening,unreviewed,pending_screening,Manual screening required,not_checked
2026ApJ..1004..210K,2026,A Third Galaxy Missing Dark Matter along a Trail of Galaxies in the NGC 1052 Field,"Keim, Michael A.",10.3847/1538-4357/ae6b8d,1,pending_context_screening,unreviewed,pending_screening,Manual screening required,not_checked
2026ApJ..1004..214H,2026,Searching for Ultracool Dwarfs in Early LSST Data Products,"Honaker, Easton J.",10.3847/1538-4357/ae6ce9,1,pending_context_screening,unreviewed,pending_screening,Manual screening required,not_checked
2026ApJ..1005...96S,2026,The Contribution of the Color Space in LSST-like Photometry for the Selection of Extragalactic Globular Cluster Candidates,"Schweder-Souza, Nicholas",10.3847/1538-4357/ae7321,0,pending_context_screening,unreviewed,pending_screening,Manual screening required,not_checked
2026ApJ..1005..143B,2026,"Compact, AGN-hosting Dwarf Galaxies with ""Little Red Dot""-like SEDs in the Local Universe","Bao, Lulu",10.3847/1538-4357/ae6fa8,0,pending_context_screening,unreviewed,pending_screening,Manual screening required,not_checked
2026ApJ..1005..150L,2026,Local Analogs of Little Red Dots: Optical Variability and Evidence for an Active Galactic Nucleus Origin,"Lin, Ruqiu",10.3847/1538-4357/ae74c6,0,pending_context_screening,unreviewed,pending_screening,Manual screening required,not_checked
2026ApJ..1005..198H,2026,Spectroscopic Characterization of Young Stellar Populations and Their Feedback in NGC 5253,"Hernandez, Svea",10.3847/1538-4357/ae75a8,0,pending_context_screening,unreviewed,pending_screening,Manual screening required,not_checked
2026ApJS..285...27W,2026,The Next Generation Virgo Cluster Survey (NGVS). XXXVI. Caught in the Act of Transformation: Morphological Decomposition and Classification of Ultracompact Dwarf Galaxies in the Virgo Cluster,"Wang, Kaixiang",10.3847/1538-4365/ae5231,0,nearby_reference_data,high,retrieve_data,Virgo structural and spectroscopic UCD transition catalog,not_in_vizier_as_of_2026-07-14
2026MNRAS.549ag794P,2026,Nitrogen enrichment through stellar chemical feedback at parsec scale in NGC 5253 as seen with MUSE─NFM,"Pruijt, Brigitte G. A.",10.1093/mnras/stag794,1,pending_context_screening,unreviewed,pending_screening,Manual screening required,not_checked
2026NatAs..10..440V,2026,A possible challenge for cold and warm dark matter,"Vegetti, Simona",10.1038/s41550-025-02746-w,1,pending_context_screening,unreviewed,pending_screening,Manual screening required,not_checked
2026OJAp....955146F,2026,Distance measurements from the internal dynamics of globular clusters: Application to the Sombrero galaxy (M 104),"Fahrion, Katja",10.33232/001c.155146,0,pending_object_data_screening,unreviewed,pending_screening,Manual screening required,not_checked
2026PASA...43...31G,2026,The Dawes review 14: A decade of ultra-diffuse galaxies,"Gannon, Jonah S.",10.1017/pasa.2026.10169,0,pending_context_screening,unreviewed,pending_screening,Manual screening required,not_checked
2026arXiv260214747Z,2026,Exploring Non-minimal coupling using ultra-diffuse galaxies,"Zamani, Saboura",10.48550/arXiv.2602.14747,0,pending_context_screening,unreviewed,pending_screening,Manual screening required,not_checked
2026arXiv260500988C,2026,Tidal pre-conditioning and ram-pressure stripping in NGC 1427A. Deep VLT/MUSE spectroscopy and FUV-to-radio observations trace a Fornax Cluster dwarf in transformation,"Carvajal, J. P.",10.48550/arXiv.2605.00988,0,pending_context_screening,unreviewed,pending_screening,Manual screening required,not_checked
2026arXiv260504685B,2026,"Compact, AGN-hosting Dwarf Galaxies with ""Little Red Dots""-like SEDs in the Local Universe","Bao, Lulu",10.48550/arXiv.2605.04685,0,pending_context_screening,unreviewed,pending_screening,Manual screening required,not_checked
2026arXiv260513842T,2026,From DES to KiDS: Domain adaptation for cross-survey detection of low-surface-brightness galaxies,"Thuruthipilly, Hareesh",10.48550/arXiv.2605.13842,0,pending_context_screening,unreviewed,pending_screening,Manual screening required,not_checked
2026arXiv260524918P,2026,Puzzling Ultra-Diffuse Galaxy Evolution (PUDGE). II. A transformation pathway from UDGs to compact dwarfs (CDs) in galaxy clusters,"Pavlov, Nataša",10.48550/arXiv.2605.24918,0,pending_context_screening,unreviewed,pending_screening,Manual screening required,not_checked
